Country Name,Country Code,Series Name,Series Code,2005 [YR2005]
Afghanistan,AFG,Access to electricity (% of population),EG.ELC.ACCS.ZS,23
Afghanistan,AFG,Forest area (% of land area),AG.LND.FRST.ZS,2.067824648
Afghanistan,AFG,Gross domestic savings (% of GDP),NY.GDS.TOTL.ZS,-33.76417609
Afghanistan,AFG,"Labor force, total",SL.TLF.TOTL.IN,8607338
Afghanistan,AFG,Land area (sq. km),AG.LND.TOTL.K2,652860
Albania,ALB,Access to electricity (% of population),EG.ELC.ACCS.ZS,100
Albania,ALB,Forest area (% of land area),AG.LND.FRST.ZS,28.55474542
Albania,ALB,Gross domestic savings (% of GDP),NY.GDS.TOTL.ZS,12.02330681
Albania,ALB,"Labor force, total",SL.TLF.TOTL.IN,1281634
Albania,ALB,Land area (sq. km),AG.LND.TOTL.K2,27400
Algeria,DZA,Access to electricity (% of population),EG.ELC.ACCS.ZS,..
Algeria,DZA,Forest area (% of land area),AG.LND.FRST.ZS,0.644906665
Algeria,DZA,Gross domestic savings (% of GDP),NY.GDS.TOTL.ZS,54.7882002
Algeria,DZA,"Labor force, total",SL.TLF.TOTL.IN,9984928
Algeria,DZA,Land area (sq. km),AG.LND.TOTL.K2,2381740
American Samoa,ASM,Access to electricity (% of population),EG.ELC.ACCS.ZS,..
American Samoa,ASM,Forest area (% of land area),AG.LND.FRST.ZS,89.3999958
American Samoa,ASM,Gross domestic savings (% of GDP),NY.GDS.TOTL.ZS,..
American Samoa,ASM,"Labor force, total",SL.TLF.TOTL.IN,..
American Samoa,ASM,Land area (sq. km),AG.LND.TOTL.K2,200
Andorra,AND,Access to electricity (% of population),EG.ELC.ACCS.ZS,100
Andorra,AND,Forest area (% of land area),AG.LND.FRST.ZS,34.04255319
Andorra,AND,Gross domestic savings (% of GDP),NY.GDS.TOTL.ZS,..
Andorra,AND,"Labor force, total",SL.TLF.TOTL.IN,..
Andorra,AND,Land area (sq. km),AG.LND.TOTL.K2,470
Angola,AGO,Access to electricity (% of population),EG.ELC.ACCS.ZS,28.21688461
Angola,AGO,Forest area (% of land area),AG.LND.FRST.ZS,47.40835807
Angola,AGO,Gross domestic savings (% of GDP),NY.GDS.TOTL.ZS,52.0181532
Angola,AGO,"Labor force, total",SL.TLF.TOTL.IN,8022529
Angola,AGO,Land area (sq. km),AG.LND.TOTL.K2,1246700
Antigua and Barbuda,ATG,Access to electricity (% of population),EG.ELC.ACCS.ZS,92.2
Antigua and Barbuda,ATG,Forest area (% of land area),AG.LND.FRST.ZS,22.27272771
Antigua and Barbuda,ATG,Gross domestic savings (% of GDP),NY.GDS.TOTL.ZS,..
Antigua and Barbuda,ATG,"Labor force, total",SL.TLF.TOTL.IN,..
Antigua and Barbuda,ATG,Land area (sq. km),AG.LND.TOTL.K2,440
Argentina,ARG,Access to electricity (% of population),EG.ELC.ACCS.ZS,96.84909058
Argentina,ARG,Forest area (% of land area),AG.LND.FRST.ZS,11.03011302
Argentina,ARG,Gross domestic savings (% of GDP),NY.GDS.TOTL.ZS,24.82874662
Argentina,ARG,"Labor force, total",SL.TLF.TOTL.IN,17549561
Argentina,ARG,Land area (sq. km),AG.LND.TOTL.K2,2736690
Armenia,ARM,Access to electricity (% of population),EG.ELC.ACCS.ZS,99.8
Armenia,ARM,Forest area (% of land area),AG.LND.FRST.ZS,11.66139796
Armenia,ARM,Gross domestic savings (% of GDP),NY.GDS.TOTL.ZS,13.95102611
Armenia,ARM,"Labor force, total",SL.TLF.TOTL.IN,1307908
Armenia,ARM,Land area (sq. km),AG.LND.TOTL.K2,28470
Aruba,ABW,Access to electricity (% of population),EG.ELC.ACCS.ZS,100
Aruba,ABW,Forest area (% of land area),AG.LND.FRST.ZS,2.33333326
Aruba,ABW,Gross domestic savings (% of GDP),NY.GDS.TOTL.ZS,24.18504314
Aruba,ABW,"Labor force, total",SL.TLF.TOTL.IN,..
Aruba,ABW,Land area (sq. km),AG.LND.TOTL.K2,180
Australia,AUS,Access to electricity (% of population),EG.ELC.ACCS.ZS,100
Australia,AUS,Forest area (% of land area),AG.LND.FRST.ZS,16.61494604
Australia,AUS,Gross domestic savings (% of GDP),NY.GDS.TOTL.ZS,24.81799623
Australia,AUS,"Labor force, total",SL.TLF.TOTL.IN,10554464
Australia,AUS,Land area (sq. km),AG.LND.TOTL.K2,7682300
Austria,AUT,Access to electricity (% of population),EG.ELC.ACCS.ZS,100
Austria,AUT,Forest area (% of land area),AG.LND.FRST.ZS,46.63356745
Austria,AUT,Gross domestic savings (% of GDP),NY.GDS.TOTL.ZS,26.84399959
Austria,AUT,"Labor force, total",SL.TLF.TOTL.IN,4017205
Austria,AUT,Land area (sq. km),AG.LND.TOTL.K2,82580
Azerbaijan,AZE,Access to electricity (% of population),EG.ELC.ACCS.ZS,99.31898499
Azerbaijan,AZE,Forest area (% of land area),AG.LND.FRST.ZS,10.61214629
Azerbaijan,AZE,Gross domestic savings (% of GDP),NY.GDS.TOTL.ZS,47.45697744
Azerbaijan,AZE,"Labor force, total",SL.TLF.TOTL.IN,3888448
Azerbaijan,AZE,Land area (sq. km),AG.LND.TOTL.K2,82660
"Bahamas, The",BHS,Access to electricity (% of population),EG.ELC.ACCS.ZS,100
"Bahamas, The",BHS,Forest area (% of land area),AG.LND.FRST.ZS,51.44855145
"Bahamas, The",BHS,Gross domestic savings (% of GDP),NY.GDS.TOTL.ZS,30.81881214
"Bahamas, The",BHS,"Labor force, total",SL.TLF.TOTL.IN,175263
"Bahamas, The",BHS,Land area (sq. km),AG.LND.TOTL.K2,10010
Bahrain,BHR,Access to electricity (% of population),EG.ELC.ACCS.ZS,100
Bahrain,BHR,Forest area (% of land area),AG.LND.FRST.ZS,0.608108092
Bahrain,BHR,Gross domestic savings (% of GDP),NY.GDS.TOTL.ZS,46.77073688
Bahrain,BHR,"Labor force, total",SL.TLF.TOTL.IN,453393
Bahrain,BHR,Land area (sq. km),AG.LND.TOTL.K2,740
Bangladesh,BGD,Access to electricity (% of population),EG.ELC.ACCS.ZS,44.23
Bangladesh,BGD,Forest area (% of land area),AG.LND.FRST.ZS,11.17769071
Bangladesh,BGD,Gross domestic savings (% of GDP),NY.GDS.TOTL.ZS,21.05571375
Bangladesh,BGD,"Labor force, total",SL.TLF.TOTL.IN,52170458
Bangladesh,BGD,Land area (sq. km),AG.LND.TOTL.K2,130170
Barbados,BRB,Access to electricity (% of population),EG.ELC.ACCS.ZS,99.97779846
Barbados,BRB,Forest area (% of land area),AG.LND.FRST.ZS,14.65116323
Barbados,BRB,Gross domestic savings (% of GDP),NY.GDS.TOTL.ZS,11.57339697
Barbados,BRB,"Labor force, total",SL.TLF.TOTL.IN,152587
Barbados,BRB,Land area (sq. km),AG.LND.TOTL.K2,430
Belarus,BLR,Access to electricity (% of population),EG.ELC.ACCS.ZS,100
Belarus,BLR,Forest area (% of land area),AG.LND.FRST.ZS,41.59148055
Belarus,BLR,Gross domestic savings (% of GDP),NY.GDS.TOTL.ZS,27.22681662
Belarus,BLR,"Labor force, total",SL.TLF.TOTL.IN,4963330
Belarus,BLR,Land area (sq. km),AG.LND.TOTL.K2,202830
Belgium,BEL,Access to electricity (% of population),EG.ELC.ACCS.ZS,100
Belgium,BEL,Forest area (% of land area),AG.LND.FRST.ZS,22.2655222
Belgium,BEL,Gross domestic savings (% of GDP),NY.GDS.TOTL.ZS,27.27548536
Belgium,BEL,"Labor force, total",SL.TLF.TOTL.IN,4616055
Belgium,BEL,Land area (sq. km),AG.LND.TOTL.K2,30280
Belize,BLZ,Access to electricity (% of population),EG.ELC.ACCS.ZS,84.57375336
Belize,BLZ,Forest area (% of land area),AG.LND.FRST.ZS,62.10127266
Belize,BLZ,Gross domestic savings (% of GDP),NY.GDS.TOTL.ZS,13.58790461
Belize,BLZ,"Labor force, total",SL.TLF.TOTL.IN,110924
Belize,BLZ,Land area (sq. km),AG.LND.TOTL.K2,22810
Benin,BEN,Access to electricity (% of population),EG.ELC.ACCS.ZS,27.03466225
Benin,BEN,Forest area (% of land area),AG.LND.FRST.ZS,42.66583895
Benin,BEN,Gross domestic savings (% of GDP),NY.GDS.TOTL.ZS,9.858710238
Benin,BEN,"Labor force, total",SL.TLF.TOTL.IN,3186622
Benin,BEN,Land area (sq. km),AG.LND.TOTL.K2,112760
Bermuda,BMU,Access to electricity (% of population),EG.ELC.ACCS.ZS,100
Bermuda,BMU,Forest area (% of land area),AG.LND.FRST.ZS,18.51851819
Bermuda,BMU,Gross domestic savings (% of GDP),NY.GDS.TOTL.ZS,..
Bermuda,BMU,"Labor force, total",SL.TLF.TOTL.IN,..
Bermuda,BMU,Land area (sq. km),AG.LND.TOTL.K2,54.00000095
Bhutan,BTN,Access to electricity (% of population),EG.ELC.ACCS.ZS,59.80811164
Bhutan,BTN,Forest area (% of land area),AG.LND.FRST.ZS,69.67101126
Bhutan,BTN,Gross domestic savings (% of GDP),NY.GDS.TOTL.ZS,25.85020651
Bhutan,BTN,"Labor force, total",SL.TLF.TOTL.IN,296022
Bhutan,BTN,Land area (sq. km),AG.LND.TOTL.K2,38116.99951
Bolivia,BOL,Access to electricity (% of population),EG.ELC.ACCS.ZS,68.288209
Bolivia,BOL,Forest area (% of land area),AG.LND.FRST.ZS,54.21766824
Bolivia,BOL,Gross domestic savings (% of GDP),NY.GDS.TOTL.ZS,17.70796558
Bolivia,BOL,"Labor force, total",SL.TLF.TOTL.IN,4262106
Bolivia,BOL,Land area (sq. km),AG.LND.TOTL.K2,1083300
Bosnia and Herzegovina,BIH,Access to electricity (% of population),EG.ELC.ACCS.ZS,100
Bosnia and Herzegovina,BIH,Forest area (% of land area),AG.LND.FRST.ZS,42.67578125
Bosnia and Herzegovina,BIH,Gross domestic savings (% of GDP),NY.GDS.TOTL.ZS,-16.13353149
Bosnia and Herzegovina,BIH,"Labor force, total",SL.TLF.TOTL.IN,1514351
Bosnia and Herzegovina,BIH,Land area (sq. km),AG.LND.TOTL.K2,51200
Botswana,BWA,Access to electricity (% of population),EG.ELC.ACCS.ZS,37.45701218
Botswana,BWA,Forest area (% of land area),AG.LND.FRST.ZS,21.07352708
Botswana,BWA,Gross domestic savings (% of GDP),NY.GDS.TOTL.ZS,42.49251459
Botswana,BWA,"Labor force, total",SL.TLF.TOTL.IN,716616
Botswana,BWA,Land area (sq. km),AG.LND.TOTL.K2,566730
Brazil,BRA,Access to electricity (% of population),EG.ELC.ACCS.ZS,97.093513
Brazil,BRA,Forest area (% of land area),AG.LND.FRST.ZS,60.62760375
Brazil,BRA,Gross domestic savings (% of GDP),NY.GDS.TOTL.ZS,20.6057468
Brazil,BRA,"Labor force, total",SL.TLF.TOTL.IN,89784647
Brazil,BRA,Land area (sq. km),AG.LND.TOTL.K2,8358140
British Virgin Islands,VGB,Access to electricity (% of population),EG.ELC.ACCS.ZS,..
British Virgin Islands,VGB,Forest area (% of land area),AG.LND.FRST.ZS,24.40000057
British Virgin Islands,VGB,Gross domestic savings (% of GDP),NY.GDS.TOTL.ZS,..
British Virgin Islands,VGB,"Labor force, total",SL.TLF.TOTL.IN,..
British Virgin Islands,VGB,Land area (sq. km),AG.LND.TOTL.K2,150
Brunei Darussalam,BRN,Access to electricity (% of population),EG.ELC.ACCS.ZS,100
Brunei Darussalam,BRN,Forest area (% of land area),AG.LND.FRST.ZS,73.81404175
Brunei Darussalam,BRN,Gross domestic savings (% of GDP),NY.GDS.TOTL.ZS,59.13023728
Brunei Darussalam,BRN,"Labor force, total",SL.TLF.TOTL.IN,176779
Brunei Darussalam,BRN,Land area (sq. km),AG.LND.TOTL.K2,5270
Bulgaria,BGR,Access to electricity (% of population),EG.ELC.ACCS.ZS,100
Bulgaria,BGR,Forest area (% of land area),AG.LND.FRST.ZS,33.60640648
Bulgaria,BGR,Gross domestic savings (% of GDP),NY.GDS.TOTL.ZS,13.16584853
Bulgaria,BGR,"Labor force, total",SL.TLF.TOTL.IN,3333125
Bulgaria,BGR,Land area (sq. km),AG.LND.TOTL.K2,108640
Burkina Faso,BFA,Access to electricity (% of population),EG.ELC.ACCS.ZS,12.23582554
Burkina Faso,BFA,Forest area (% of land area),AG.LND.FRST.ZS,21.74342105
Burkina Faso,BFA,Gross domestic savings (% of GDP),NY.GDS.TOTL.ZS,8.048052946
Burkina Faso,BFA,"Labor force, total",SL.TLF.TOTL.IN,5325133
Burkina Faso,BFA,Land area (sq. km),AG.LND.TOTL.K2,273600
Burundi,BDI,Access to electricity (% of population),EG.ELC.ACCS.ZS,3.207317073
Burundi,BDI,Forest area (% of land area),AG.LND.FRST.ZS,7.048286604
Burundi,BDI,Gross domestic savings (% of GDP),NY.GDS.TOTL.ZS,-4.5
Burundi,BDI,"Labor force, total",SL.TLF.TOTL.IN,3168049
Burundi,BDI,Land area (sq. km),AG.LND.TOTL.K2,25680
Cabo Verde,CPV,Access to electricity (% of population),EG.ELC.ACCS.ZS,67
Cabo Verde,CPV,Forest area (% of land area),AG.LND.FRST.ZS,20.74193458
Cabo Verde,CPV,Gross domestic savings (% of GDP),NY.GDS.TOTL.ZS,..
Cabo Verde,CPV,"Labor force, total",SL.TLF.TOTL.IN,185374
Cabo Verde,CPV,Land area (sq. km),AG.LND.TOTL.K2,4030
Cambodia,KHM,Access to electricity (% of population),EG.ELC.ACCS.ZS,20.5
Cambodia,KHM,Forest area (% of land area),AG.LND.FRST.ZS,60.79197825
Cambodia,KHM,Gross domestic savings (% of GDP),NY.GDS.TOTL.ZS,9.90485616
Cambodia,KHM,"Labor force, total",SL.TLF.TOTL.IN,6809224
Cambodia,KHM,Land area (sq. km),AG.LND.TOTL.K2,176520
Cameroon,CMR,Access to electricity (% of population),EG.ELC.ACCS.ZS,47.33861923
Cameroon,CMR,Forest area (% of land area),AG.LND.FRST.ZS,44.45854752
Cameroon,CMR,Gross domestic savings (% of GDP),NY.GDS.TOTL.ZS,20.18707583
Cameroon,CMR,"Labor force, total",SL.TLF.TOTL.IN,8084403
Cameroon,CMR,Land area (sq. km),AG.LND.TOTL.K2,472710
Canada,CAN,Access to electricity (% of population),EG.ELC.ACCS.ZS,100
Canada,CAN,Forest area (% of land area),AG.LND.FRST.ZS,38.22242456
Canada,CAN,Gross domestic savings (% of GDP),NY.GDS.TOTL.ZS,26.34309273
Canada,CAN,"Labor force, total",SL.TLF.TOTL.IN,17695801
Canada,CAN,Land area (sq. km),AG.LND.TOTL.K2,9093510
Cayman Islands,CYM,Access to electricity (% of population),EG.ELC.ACCS.ZS,100
Cayman Islands,CYM,Forest area (% of land area),AG.LND.FRST.ZS,52.91666587
Cayman Islands,CYM,Gross domestic savings (% of GDP),NY.GDS.TOTL.ZS,..
Cayman Islands,CYM,"Labor force, total",SL.TLF.TOTL.IN,..
Cayman Islands,CYM,Land area (sq. km),AG.LND.TOTL.K2,240
Central African Republic,CAF,Access to electricity (% of population),EG.ELC.ACCS.ZS,8.133627892
Central African Republic,CAF,Forest area (% of land area),AG.LND.FRST.ZS,35.83742656
Central African Republic,CAF,Gross domestic savings (% of GDP),NY.GDS.TOTL.ZS,1.742342107
Central African Republic,CAF,"Labor force, total",SL.TLF.TOTL.IN,1654183
Central African Republic,CAF,Land area (sq. km),AG.LND.TOTL.K2,622980
Chad,TCD,Access to electricity (% of population),EG.ELC.ACCS.ZS,4.621730328
Chad,TCD,Forest area (% of land area),AG.LND.FRST.ZS,4.876905972
Chad,TCD,Gross domestic savings (% of GDP),NY.GDS.TOTL.ZS,30.81211008
Chad,TCD,"Labor force, total",SL.TLF.TOTL.IN,3684687
Chad,TCD,Land area (sq. km),AG.LND.TOTL.K2,1259200
Channel Islands,CHI,Access to electricity (% of population),EG.ELC.ACCS.ZS,..
Channel Islands,CHI,Forest area (% of land area),AG.LND.FRST.ZS,4.040404256
Channel Islands,CHI,Gross domestic savings (% of GDP),NY.GDS.TOTL.ZS,..
Channel Islands,CHI,"Labor force, total",SL.TLF.TOTL.IN,75442
Channel Islands,CHI,Land area (sq. km),AG.LND.TOTL.K2,197.9999924
Chile,CHL,Access to electricity (% of population),EG.ELC.ACCS.ZS,97.97382355
Chile,CHL,Forest area (% of land area),AG.LND.FRST.ZS,21.57539867
Chile,CHL,Gross domestic savings (% of GDP),NY.GDS.TOTL.ZS,30.54303924
Chile,CHL,"Labor force, total",SL.TLF.TOTL.IN,7004262
Chile,CHL,Land area (sq. km),AG.LND.TOTL.K2,743532.0313
China,CHN,Access to electricity (% of population),EG.ELC.ACCS.ZS,98.12897491
China,CHN,Forest area (% of land area),AG.LND.FRST.ZS,20.56237213
China,CHN,Gross domestic savings (% of GDP),NY.GDS.TOTL.ZS,45.84221426
China,CHN,"Labor force, total",SL.TLF.TOTL.IN,761944037
China,CHN,Land area (sq. km),AG.LND.TOTL.K2,9388211.875
Colombia,COL,Access to electricity (% of population),EG.ELC.ACCS.ZS,96.8
Colombia,COL,Forest area (% of land area),AG.LND.FRST.ZS,54.25990029
Colombia,COL,Gross domestic savings (% of GDP),NY.GDS.TOTL.ZS,16.95159601
Colombia,COL,"Labor force, total",SL.TLF.TOTL.IN,19953131
Colombia,COL,Land area (sq. km),AG.LND.TOTL.K2,1109500
Comoros,COM,Access to electricity (% of population),EG.ELC.ACCS.ZS,51.28876495
Comoros,COM,Forest area (% of land area),AG.LND.FRST.ZS,22.56851081
Comoros,COM,Gross domestic savings (% of GDP),NY.GDS.TOTL.ZS,-0.042543481
Comoros,COM,"Labor force, total",SL.TLF.TOTL.IN,147847
Comoros,COM,Land area (sq. km),AG.LND.TOTL.K2,1861.000061
"Congo, Dem. Rep.",COD,Access to electricity (% of population),EG.ELC.ACCS.ZS,6
"Congo, Dem. Rep.",COD,Forest area (% of land area),AG.LND.FRST.ZS,68.67603273
"Congo, Dem. Rep.",COD,Gross domestic savings (% of GDP),NY.GDS.TOTL.ZS,5.35366109
"Congo, Dem. Rep.",COD,"Labor force, total",SL.TLF.TOTL.IN,21266406
"Congo, Dem. Rep.",COD,Land area (sq. km),AG.LND.TOTL.K2,2267050
"Congo, Rep.",COG,Access to electricity (% of population),EG.ELC.ACCS.ZS,33.8
"Congo, Rep.",COG,Forest area (% of land area),AG.LND.FRST.ZS,65.80087848
"Congo, Rep.",COG,Gross domestic savings (% of GDP),NY.GDS.TOTL.ZS,57.97993026
"Congo, Rep.",COG,"Labor force, total",SL.TLF.TOTL.IN,1446308
"Congo, Rep.",COG,Land area (sq. km),AG.LND.TOTL.K2,341500
Costa Rica,CRI,Access to electricity (% of population),EG.ELC.ACCS.ZS,99.053051
Costa Rica,CRI,Forest area (% of land area),AG.LND.FRST.ZS,48.78574226
Costa Rica,CRI,Gross domestic savings (% of GDP),NY.GDS.TOTL.ZS,16.74868926
Costa Rica,CRI,"Labor force, total",SL.TLF.TOTL.IN,1943549
Costa Rica,CRI,Land area (sq. km),AG.LND.TOTL.K2,51060
Cote d'Ivoire,CIV,Access to electricity (% of population),EG.ELC.ACCS.ZS,58.9
Cote d'Ivoire,CIV,Forest area (% of land area),AG.LND.FRST.ZS,32.72012579
Cote d'Ivoire,CIV,Gross domestic savings (% of GDP),NY.GDS.TOTL.ZS,17.53804892
Cote d'Ivoire,CIV,"Labor force, total",SL.TLF.TOTL.IN,6482355
Cote d'Ivoire,CIV,Land area (sq. km),AG.LND.TOTL.K2,318000
Croatia,HRV,Access to electricity (% of population),EG.ELC.ACCS.ZS,100
Croatia,HRV,Forest area (% of land area),AG.LND.FRST.ZS,34.00643317
Croatia,HRV,Gross domestic savings (% of GDP),NY.GDS.TOTL.ZS,21.68251224
Croatia,HRV,"Labor force, total",SL.TLF.TOTL.IN,1935849
Croatia,HRV,Land area (sq. km),AG.LND.TOTL.K2,55960
Cuba,CUB,Access to electricity (% of population),EG.ELC.ACCS.ZS,96.93735504
Cuba,CUB,Forest area (% of land area),AG.LND.FRST.ZS,25.33821871
Cuba,CUB,Gross domestic savings (% of GDP),NY.GDS.TOTL.ZS,13.44950385
Cuba,CUB,"Labor force, total",SL.TLF.TOTL.IN,4803671
Cuba,CUB,Land area (sq. km),AG.LND.TOTL.K2,106440
Curacao,CUW,Access to electricity (% of population),EG.ELC.ACCS.ZS,100
Curacao,CUW,Forest area (% of land area),AG.LND.FRST.ZS,..
Curacao,CUW,Gross domestic savings (% of GDP),NY.GDS.TOTL.ZS,18.99498599
Curacao,CUW,"Labor force, total",SL.TLF.TOTL.IN,..
Curacao,CUW,Land area (sq. km),AG.LND.TOTL.K2,444
Cyprus,CYP,Access to electricity (% of population),EG.ELC.ACCS.ZS,100
Cyprus,CYP,Forest area (% of land area),AG.LND.FRST.ZS,18.70671062
Cyprus,CYP,Gross domestic savings (% of GDP),NY.GDS.TOTL.ZS,21.91540995
Cyprus,CYP,"Labor force, total",SL.TLF.TOTL.IN,518098
Cyprus,CYP,Land area (sq. km),AG.LND.TOTL.K2,9240
Czech Republic,CZE,Access to electricity (% of population),EG.ELC.ACCS.ZS,100
Czech Republic,CZE,Forest area (% of land area),AG.LND.FRST.ZS,34.2609371
Czech Republic,CZE,Gross domestic savings (% of GDP),NY.GDS.TOTL.ZS,31.47334507
Czech Republic,CZE,"Labor force, total",SL.TLF.TOTL.IN,5180451
Czech Republic,CZE,Land area (sq. km),AG.LND.TOTL.K2,77260
Denmark,DNK,Access to electricity (% of population),EG.ELC.ACCS.ZS,100
Denmark,DNK,Forest area (% of land area),AG.LND.FRST.ZS,13.14400217
Denmark,DNK,Gross domestic savings (% of GDP),NY.GDS.TOTL.ZS,27.71094304
Denmark,DNK,"Labor force, total",SL.TLF.TOTL.IN,2900837
Denmark,DNK,Land area (sq. km),AG.LND.TOTL.K2,42430
Djibouti,DJI,Access to electricity (% of population),EG.ELC.ACCS.ZS,56.26431656
Djibouti,DJI,Forest area (% of land area),AG.LND.FRST.ZS,0.241587571
Djibouti,DJI,Gross domestic savings (% of GDP),NY.GDS.TOTL.ZS,..
Djibouti,DJI,"Labor force, total",SL.TLF.TOTL.IN,301860
Djibouti,DJI,Land area (sq. km),AG.LND.TOTL.K2,23180
Dominica,DMA,Access to electricity (% of population),EG.ELC.ACCS.ZS,87.68852997
Dominica,DMA,Forest area (% of land area),AG.LND.FRST.ZS,61.32000224
Dominica,DMA,Gross domestic savings (% of GDP),NY.GDS.TOTL.ZS,..
Dominica,DMA,"Labor force, total",SL.TLF.TOTL.IN,..
Dominica,DMA,Land area (sq. km),AG.LND.TOTL.K2,750
Dominican Republic,DOM,Access to electricity (% of population),EG.ELC.ACCS.ZS,90.141224
Dominican Republic,DOM,Forest area (% of land area),AG.LND.FRST.ZS,34.19581867
Dominican Republic,DOM,Gross domestic savings (% of GDP),NY.GDS.TOTL.ZS,19.78178871
Dominican Republic,DOM,"Labor force, total",SL.TLF.TOTL.IN,3473100
Dominican Republic,DOM,Land area (sq. km),AG.LND.TOTL.K2,48310
Ecuador,ECU,Access to electricity (% of population),EG.ELC.ACCS.ZS,95.83265
Ecuador,ECU,Forest area (% of land area),AG.LND.FRST.ZS,53.69318825
Ecuador,ECU,Gross domestic savings (% of GDP),NY.GDS.TOTL.ZS,20.77361973
Ecuador,ECU,"Labor force, total",SL.TLF.TOTL.IN,6293995
Ecuador,ECU,Land area (sq. km),AG.LND.TOTL.K2,248360
"Egypt, Arab Rep.",EGY,Access to electricity (% of population),EG.ELC.ACCS.ZS,99.4
"Egypt, Arab Rep.",EGY,Forest area (% of land area),AG.LND.FRST.ZS,0.067306243
"Egypt, Arab Rep.",EGY,Gross domestic savings (% of GDP),NY.GDS.TOTL.ZS,15.71030641
"Egypt, Arab Rep.",EGY,"Labor force, total",SL.TLF.TOTL.IN,23260715
"Egypt, Arab Rep.",EGY,Land area (sq. km),AG.LND.TOTL.K2,995450
El Salvador,SLV,Access to electricity (% of population),EG.ELC.ACCS.ZS,87.525839
El Salvador,SLV,Forest area (% of land area),AG.LND.FRST.ZS,14.91312741
El Salvador,SLV,Gross domestic savings (% of GDP),NY.GDS.TOTL.ZS,-0.578028248
El Salvador,SLV,"Labor force, total",SL.TLF.TOTL.IN,2405158
El Salvador,SLV,Land area (sq. km),AG.LND.TOTL.K2,20720
Equatorial Guinea,GNQ,Access to electricity (% of population),EG.ELC.ACCS.ZS,..
Equatorial Guinea,GNQ,Forest area (% of land area),AG.LND.FRST.ZS,60.07130125
Equatorial Guinea,GNQ,Gross domestic savings (% of GDP),NY.GDS.TOTL.ZS,83.28704328
Equatorial Guinea,GNQ,"Labor force, total",SL.TLF.TOTL.IN,273087
Equatorial Guinea,GNQ,Land area (sq. km),AG.LND.TOTL.K2,28050
Eritrea,ERI,Access to electricity (% of population),EG.ELC.ACCS.ZS,34.6183815
Eritrea,ERI,Forest area (% of land area),AG.LND.FRST.ZS,15.38613861
Eritrea,ERI,Gross domestic savings (% of GDP),NY.GDS.TOTL.ZS,-28.43516466
Eritrea,ERI,"Labor force, total",SL.TLF.TOTL.IN,1369829
Eritrea,ERI,Land area (sq. km),AG.LND.TOTL.K2,101000
Estonia,EST,Access to electricity (% of population),EG.ELC.ACCS.ZS,100
Estonia,EST,Forest area (% of land area),AG.LND.FRST.ZS,53.1257372
Estonia,EST,Gross domestic savings (% of GDP),NY.GDS.TOTL.ZS,28.34757152
Estonia,EST,"Labor force, total",SL.TLF.TOTL.IN,673822
Estonia,EST,Land area (sq. km),AG.LND.TOTL.K2,42390
Eswatini,SWZ,Access to electricity (% of population),EG.ELC.ACCS.ZS,35.77423859
Eswatini,SWZ,Forest area (% of land area),AG.LND.FRST.ZS,31.45348837
Eswatini,SWZ,Gross domestic savings (% of GDP),NY.GDS.TOTL.ZS,7.110095436
Eswatini,SWZ,"Labor force, total",SL.TLF.TOTL.IN,296930
Eswatini,SWZ,Land area (sq. km),AG.LND.TOTL.K2,17200
Ethiopia,ETH,Access to electricity (% of population),EG.ELC.ACCS.ZS,14
Ethiopia,ETH,Forest area (% of land area),AG.LND.FRST.ZS,13
Ethiopia,ETH,Gross domestic savings (% of GDP),NY.GDS.TOTL.ZS,..
Ethiopia,ETH,"Labor force, total",SL.TLF.TOTL.IN,33545918
Ethiopia,ETH,Land area (sq. km),AG.LND.TOTL.K2,1000000
Faroe Islands,FRO,Access to electricity (% of population),EG.ELC.ACCS.ZS,100
Faroe Islands,FRO,Forest area (% of land area),AG.LND.FRST.ZS,0.057306586
Faroe Islands,FRO,Gross domestic savings (% of GDP),NY.GDS.TOTL.ZS,10.00154419
Faroe Islands,FRO,"Labor force, total",SL.TLF.TOTL.IN,..
Faroe Islands,FRO,Land area (sq. km),AG.LND.TOTL.K2,1396.000061
Fiji,FJI,Access to electricity (% of population),EG.ELC.ACCS.ZS,82.08673859
Fiji,FJI,Forest area (% of land area),AG.LND.FRST.ZS,54.58456539
Fiji,FJI,Gross domestic savings (% of GDP),NY.GDS.TOTL.ZS,..
Fiji,FJI,"Labor force, total",SL.TLF.TOTL.IN,325095
Fiji,FJI,Land area (sq. km),AG.LND.TOTL.K2,18270
Finland,FIN,Access to electricity (% of population),EG.ELC.ACCS.ZS,100
Finland,FIN,Forest area (% of land area),AG.LND.FRST.ZS,72.69772481
Finland,FIN,Gross domestic savings (% of GDP),NY.GDS.TOTL.ZS,28.69509146
Finland,FIN,"Labor force, total",SL.TLF.TOTL.IN,2627895
Finland,FIN,Land area (sq. km),AG.LND.TOTL.K2,304590
France,FRA,Access to electricity (% of population),EG.ELC.ACCS.ZS,100
France,FRA,Forest area (% of land area),AG.LND.FRST.ZS,28.9668477
France,FRA,Gross domestic savings (% of GDP),NY.GDS.TOTL.ZS,22.53807538
France,FRA,"Labor force, total",SL.TLF.TOTL.IN,28917082
France,FRA,Land area (sq. km),AG.LND.TOTL.K2,547556.9922
French Polynesia,PYF,Access to electricity (% of population),EG.ELC.ACCS.ZS,100
French Polynesia,PYF,Forest area (% of land area),AG.LND.FRST.ZS,35.51912568
French Polynesia,PYF,Gross domestic savings (% of GDP),NY.GDS.TOTL.ZS,..
French Polynesia,PYF,"Labor force, total",SL.TLF.TOTL.IN,105359
French Polynesia,PYF,Land area (sq. km),AG.LND.TOTL.K2,3660
Gabon,GAB,Access to electricity (% of population),EG.ELC.ACCS.ZS,81.6
Gabon,GAB,Forest area (% of land area),AG.LND.FRST.ZS,85.38052548
Gabon,GAB,Gross domestic savings (% of GDP),NY.GDS.TOTL.ZS,57.43227798
Gabon,GAB,"Labor force, total",SL.TLF.TOTL.IN,394914
Gabon,GAB,Land area (sq. km),AG.LND.TOTL.K2,257670
"Gambia, The",GMB,Access to electricity (% of population),EG.ELC.ACCS.ZS,30.4562675
"Gambia, The",GMB,Forest area (% of land area),AG.LND.FRST.ZS,46.54150198
"Gambia, The",GMB,Gross domestic savings (% of GDP),NY.GDS.TOTL.ZS,5.170626261
"Gambia, The",GMB,"Labor force, total",SL.TLF.TOTL.IN,484422
"Gambia, The",GMB,Land area (sq. km),AG.LND.TOTL.K2,10120
Georgia,GEO,Access to electricity (% of population),EG.ELC.ACCS.ZS,97.93505412
Georgia,GEO,Forest area (% of land area),AG.LND.FRST.ZS,39.89782703
Georgia,GEO,Gross domestic savings (% of GDP),NY.GDS.TOTL.ZS,15.66824025
Georgia,GEO,"Labor force, total",SL.TLF.TOTL.IN,2002620
Georgia,GEO,Land area (sq. km),AG.LND.TOTL.K2,69490
Germany,DEU,Access to electricity (% of population),EG.ELC.ACCS.ZS,100
Germany,DEU,Forest area (% of land area),AG.LND.FRST.ZS,32.64135795
Germany,DEU,Gross domestic savings (% of GDP),NY.GDS.TOTL.ZS,23.87424702
Germany,DEU,"Labor force, total",SL.TLF.TOTL.IN,41261131
Germany,DEU,Land area (sq. km),AG.LND.TOTL.K2,348760
Ghana,GHA,Access to electricity (% of population),EG.ELC.ACCS.ZS,54.64947891
Ghana,GHA,Forest area (% of land area),AG.LND.FRST.ZS,39.78641118
Ghana,GHA,Gross domestic savings (% of GDP),NY.GDS.TOTL.ZS,3.72900079
Ghana,GHA,"Labor force, total",SL.TLF.TOTL.IN,9240769
Ghana,GHA,Land area (sq. km),AG.LND.TOTL.K2,227540
Gibraltar,GIB,Access to electricity (% of population),EG.ELC.ACCS.ZS,100
Gibraltar,GIB,Forest area (% of land area),AG.LND.FRST.ZS,0
Gibraltar,GIB,Gross domestic savings (% of GDP),NY.GDS.TOTL.ZS,..
Gibraltar,GIB,"Labor force, total",SL.TLF.TOTL.IN,..
Gibraltar,GIB,Land area (sq. km),AG.LND.TOTL.K2,10
Greece,GRC,Access to electricity (% of population),EG.ELC.ACCS.ZS,100
Greece,GRC,Forest area (% of land area),AG.LND.FRST.ZS,29.10783553
Greece,GRC,Gross domestic savings (% of GDP),NY.GDS.TOTL.ZS,13.82287495
Greece,GRC,"Labor force, total",SL.TLF.TOTL.IN,5025650
Greece,GRC,Land area (sq. km),AG.LND.TOTL.K2,128900
Greenland,GRL,Access to electricity (% of population),EG.ELC.ACCS.ZS,100
Greenland,GRL,Forest area (% of land area),AG.LND.FRST.ZS,0.000535997
Greenland,GRL,Gross domestic savings (% of GDP),NY.GDS.TOTL.ZS,6.57255411
Greenland,GRL,"Labor force, total",SL.TLF.TOTL.IN,..
Greenland,GRL,Land area (sq. km),AG.LND.TOTL.K2,410450
Grenada,GRD,Access to electricity (% of population),EG.ELC.ACCS.ZS,87.86652374
Grenada,GRD,Forest area (% of land area),AG.LND.FRST.ZS,49.97058756
Grenada,GRD,Gross domestic savings (% of GDP),NY.GDS.TOTL.ZS,..
Grenada,GRD,"Labor force, total",SL.TLF.TOTL.IN,..
Grenada,GRD,Land area (sq. km),AG.LND.TOTL.K2,340
Guam,GUM,Access to electricity (% of population),EG.ELC.ACCS.ZS,100
Guam,GUM,Forest area (% of land area),AG.LND.FRST.ZS,46.2962963
Guam,GUM,Gross domestic savings (% of GDP),NY.GDS.TOTL.ZS,..
Guam,GUM,"Labor force, total",SL.TLF.TOTL.IN,76054
Guam,GUM,Land area (sq. km),AG.LND.TOTL.K2,540
Guatemala,GTM,Access to electricity (% of population),EG.ELC.ACCS.ZS,78.41213989
Guatemala,GTM,Forest area (% of land area),AG.LND.FRST.ZS,36.74878686
Guatemala,GTM,Gross domestic savings (% of GDP),NY.GDS.TOTL.ZS,3.796596652
Guatemala,GTM,"Labor force, total",SL.TLF.TOTL.IN,4725239
Guatemala,GTM,Land area (sq. km),AG.LND.TOTL.K2,107160
Guinea,GIN,Access to electricity (% of population),EG.ELC.ACCS.ZS,20.2
Guinea,GIN,Forest area (% of land area),AG.LND.FRST.ZS,27.3644799
Guinea,GIN,Gross domestic savings (% of GDP),NY.GDS.TOTL.ZS,19.20941208
Guinea,GIN,"Labor force, total",SL.TLF.TOTL.IN,3157264
Guinea,GIN,Land area (sq. km),AG.LND.TOTL.K2,245720
Guinea-Bissau,GNB,Access to electricity (% of population),EG.ELC.ACCS.ZS,..
Guinea-Bissau,GNB,Forest area (% of land area),AG.LND.FRST.ZS,73.68421053
Guinea-Bissau,GNB,Gross domestic savings (% of GDP),NY.GDS.TOTL.ZS,-4.084588196
Guinea-Bissau,GNB,"Labor force, total",SL.TLF.TOTL.IN,542200
Guinea-Bissau,GNB,Land area (sq. km),AG.LND.TOTL.K2,28120
Guyana,GUY,Access to electricity (% of population),EG.ELC.ACCS.ZS,77.5
Guyana,GUY,Forest area (% of land area),AG.LND.FRST.ZS,84.33832868
Guyana,GUY,Gross domestic savings (% of GDP),NY.GDS.TOTL.ZS,-0.320246493
Guyana,GUY,"Labor force, total",SL.TLF.TOTL.IN,265321
Guyana,GUY,Land area (sq. km),AG.LND.TOTL.K2,196850
Haiti,HTI,Access to electricity (% of population),EG.ELC.ACCS.ZS,34.60700989
Haiti,HTI,Forest area (% of land area),AG.LND.FRST.ZS,3.809869376
Haiti,HTI,Gross domestic savings (% of GDP),NY.GDS.TOTL.ZS,-1.481834142
Haiti,HTI,"Labor force, total",SL.TLF.TOTL.IN,3665512
Haiti,HTI,Land area (sq. km),AG.LND.TOTL.K2,27560
Honduras,HND,Access to electricity (% of population),EG.ELC.ACCS.ZS,68.903309
Honduras,HND,Forest area (% of land area),AG.LND.FRST.ZS,51.76512646
Honduras,HND,Gross domestic savings (% of GDP),NY.GDS.TOTL.ZS,9.145054569
Honduras,HND,"Labor force, total",SL.TLF.TOTL.IN,2829332
Honduras,HND,Land area (sq. km),AG.LND.TOTL.K2,111890
"Hong Kong SAR, China",HKG,Access to electricity (% of population),EG.ELC.ACCS.ZS,100
"Hong Kong SAR, China",HKG,Forest area (% of land area),AG.LND.FRST.ZS,..
"Hong Kong SAR, China",HKG,Gross domestic savings (% of GDP),NY.GDS.TOTL.ZS,33.27644507
"Hong Kong SAR, China",HKG,"Labor force, total",SL.TLF.TOTL.IN,3553436
"Hong Kong SAR, China",HKG,Land area (sq. km),AG.LND.TOTL.K2,1050
Hungary,HUN,Access to electricity (% of population),EG.ELC.ACCS.ZS,100
Hungary,HUN,Forest area (% of land area),AG.LND.FRST.ZS,22.12922665
Hungary,HUN,Gross domestic savings (% of GDP),NY.GDS.TOTL.ZS,23.14748128
Hungary,HUN,"Labor force, total",SL.TLF.TOTL.IN,4273380
Hungary,HUN,Land area (sq. km),AG.LND.TOTL.K2,89610
Iceland,ISL,Access to electricity (% of population),EG.ELC.ACCS.ZS,100
Iceland,ISL,Forest area (% of land area),AG.LND.FRST.ZS,0.364089776
Iceland,ISL,Gross domestic savings (% of GDP),NY.GDS.TOTL.ZS,17.68521549
Iceland,ISL,"Labor force, total",SL.TLF.TOTL.IN,174963
Iceland,ISL,Land area (sq. km),AG.LND.TOTL.K2,100250
India,IND,Access to electricity (% of population),EG.ELC.ACCS.ZS,67.08669281
India,IND,Forest area (% of land area),AG.LND.FRST.ZS,22.77318301
India,IND,Gross domestic savings (% of GDP),NY.GDS.TOTL.ZS,32.2551399
India,IND,"Labor force, total",SL.TLF.TOTL.IN,451555845
India,IND,Land area (sq. km),AG.LND.TOTL.K2,2973190
Indonesia,IDN,Access to electricity (% of population),EG.ELC.ACCS.ZS,85.97065735
Indonesia,IDN,Forest area (% of land area),AG.LND.FRST.ZS,54.01778568
Indonesia,IDN,Gross domestic savings (% of GDP),NY.GDS.TOTL.ZS,27.52800212
Indonesia,IDN,"Labor force, total",SL.TLF.TOTL.IN,101395729
Indonesia,IDN,Land area (sq. km),AG.LND.TOTL.K2,1811570
"Iran, Islamic Rep.",IRN,Access to electricity (% of population),EG.ELC.ACCS.ZS,98.40288544
"Iran, Islamic Rep.",IRN,Forest area (% of land area),AG.LND.FRST.ZS,6.564491066
"Iran, Islamic Rep.",IRN,Gross domestic savings (% of GDP),NY.GDS.TOTL.ZS,46.7203934
"Iran, Islamic Rep.",IRN,"Labor force, total",SL.TLF.TOTL.IN,24182880
"Iran, Islamic Rep.",IRN,Land area (sq. km),AG.LND.TOTL.K2,1628760
Iraq,IRQ,Access to electricity (% of population),EG.ELC.ACCS.ZS,..
Iraq,IRQ,Forest area (% of land area),AG.LND.FRST.ZS,1.886274779
Iraq,IRQ,Gross domestic savings (% of GDP),NY.GDS.TOTL.ZS,42.5070569
Iraq,IRQ,"Labor force, total",SL.TLF.TOTL.IN,6604869
Iraq,IRQ,Land area (sq. km),AG.LND.TOTL.K2,437370
Ireland,IRL,Access to electricity (% of population),EG.ELC.ACCS.ZS,100
Ireland,IRL,Forest area (% of land area),AG.LND.FRST.ZS,10.08622481
Ireland,IRL,Gross domestic savings (% of GDP),NY.GDS.TOTL.ZS,40.09056772
Ireland,IRL,"Labor force, total",SL.TLF.TOTL.IN,2159359
Ireland,IRL,Land area (sq. km),AG.LND.TOTL.K2,68890
Isle of Man,IMN,Access to electricity (% of population),EG.ELC.ACCS.ZS,100
Isle of Man,IMN,Forest area (% of land area),AG.LND.FRST.ZS,6.070175506
Isle of Man,IMN,Gross domestic savings (% of GDP),NY.GDS.TOTL.ZS,..
Isle of Man,IMN,"Labor force, total",SL.TLF.TOTL.IN,..
Isle of Man,IMN,Land area (sq. km),AG.LND.TOTL.K2,570
Israel,ISR,Access to electricity (% of population),EG.ELC.ACCS.ZS,100
Israel,ISR,Forest area (% of land area),AG.LND.FRST.ZS,7.162661738
Israel,ISR,Gross domestic savings (% of GDP),NY.GDS.TOTL.ZS,20.44530672
Israel,ISR,"Labor force, total",SL.TLF.TOTL.IN,3085680
Israel,ISR,Land area (sq. km),AG.LND.TOTL.K2,21640
Italy,ITA,Access to electricity (% of population),EG.ELC.ACCS.ZS,100
Italy,ITA,Forest area (% of land area),AG.LND.FRST.ZS,29.77833685
Italy,ITA,Gross domestic savings (% of GDP),NY.GDS.TOTL.ZS,20.99296145
Italy,ITA,"Labor force, total",SL.TLF.TOTL.IN,24380933
Italy,ITA,Land area (sq. km),AG.LND.TOTL.K2,294140
Jamaica,JAM,Access to electricity (% of population),EG.ELC.ACCS.ZS,88.68343353
Jamaica,JAM,Forest area (% of land area),AG.LND.FRST.ZS,31.32040741
Jamaica,JAM,Gross domestic savings (% of GDP),NY.GDS.TOTL.ZS,7.00095391
Jamaica,JAM,"Labor force, total",SL.TLF.TOTL.IN,1253714
Jamaica,JAM,Land area (sq. km),AG.LND.TOTL.K2,10830
Japan,JPN,Access to electricity (% of population),EG.ELC.ACCS.ZS,100
Japan,JPN,Forest area (% of land area),AG.LND.FRST.ZS,68.40877915
Japan,JPN,Gross domestic savings (% of GDP),NY.GDS.TOTL.ZS,26.25886035
Japan,JPN,"Labor force, total",SL.TLF.TOTL.IN,66732912
Japan,JPN,Land area (sq. km),AG.LND.TOTL.K2,364500
Jordan,JOR,Access to electricity (% of population),EG.ELC.ACCS.ZS,99.15599823
Jordan,JOR,Forest area (% of land area),AG.LND.FRST.ZS,1.10494107
Jordan,JOR,Gross domestic savings (% of GDP),NY.GDS.TOTL.ZS,-7.351367654
Jordan,JOR,"Labor force, total",SL.TLF.TOTL.IN,1456030
Jordan,JOR,Land area (sq. km),AG.LND.TOTL.K2,88240
Kazakhstan,KAZ,Access to electricity (% of population),EG.ELC.ACCS.ZS,99.37663269
Kazakhstan,KAZ,Forest area (% of land area),AG.LND.FRST.ZS,1.236063266
Kazakhstan,KAZ,Gross domestic savings (% of GDP),NY.GDS.TOTL.ZS,38.89448697
Kazakhstan,KAZ,"Labor force, total",SL.TLF.TOTL.IN,7949603
Kazakhstan,KAZ,Land area (sq. km),AG.LND.TOTL.K2,2699700
Kenya,KEN,Access to electricity (% of population),EG.ELC.ACCS.ZS,25.96982574
Kenya,KEN,Forest area (% of land area),AG.LND.FRST.ZS,7.110728468
Kenya,KEN,Gross domestic savings (% of GDP),NY.GDS.TOTL.ZS,7.220399442
Kenya,KEN,"Labor force, total",SL.TLF.TOTL.IN,13292856
Kenya,KEN,Land area (sq. km),AG.LND.TOTL.K2,569140
Kiribati,KIR,Access to electricity (% of population),EG.ELC.ACCS.ZS,69.67640546
Kiribati,KIR,Forest area (% of land area),AG.LND.FRST.ZS,14.99999953
Kiribati,KIR,Gross domestic savings (% of GDP),NY.GDS.TOTL.ZS,..
Kiribati,KIR,"Labor force, total",SL.TLF.TOTL.IN,..
Kiribati,KIR,Land area (sq. km),AG.LND.TOTL.K2,810
"Korea, Dem. People’s Rep.",PRK,Access to electricity (% of population),EG.ELC.ACCS.ZS,..
"Korea, Dem. People’s Rep.",PRK,Forest area (% of land area),AG.LND.FRST.ZS,52.31293082
"Korea, Dem. People’s Rep.",PRK,Gross domestic savings (% of GDP),NY.GDS.TOTL.ZS,..
"Korea, Dem. People’s Rep.",PRK,"Labor force, total",SL.TLF.TOTL.IN,14682190
"Korea, Dem. People’s Rep.",PRK,Land area (sq. km),AG.LND.TOTL.K2,120410
"Korea, Rep.",KOR,Access to electricity (% of population),EG.ELC.ACCS.ZS,100
"Korea, Rep.",KOR,Forest area (% of land area),AG.LND.FRST.ZS,64.58440888
"Korea, Rep.",KOR,Gross domestic savings (% of GDP),NY.GDS.TOTL.ZS,34.51324547
"Korea, Rep.",KOR,"Labor force, total",SL.TLF.TOTL.IN,24279594
"Korea, Rep.",KOR,Land area (sq. km),AG.LND.TOTL.K2,96850
Kosovo,XKX,Access to electricity (% of population),EG.ELC.ACCS.ZS,100
Kosovo,XKX,Forest area (% of land area),AG.LND.FRST.ZS,..
Kosovo,XKX,Gross domestic savings (% of GDP),NY.GDS.TOTL.ZS,-9.933797318
Kosovo,XKX,"Labor force, total",SL.TLF.TOTL.IN,..
Kosovo,XKX,Land area (sq. km),AG.LND.TOTL.K2,10887
Kuwait,KWT,Access to electricity (% of population),EG.ELC.ACCS.ZS,100
Kuwait,KWT,Forest area (% of land area),AG.LND.FRST.ZS,0.311447822
Kuwait,KWT,Gross domestic savings (% of GDP),NY.GDS.TOTL.ZS,52.13834612
Kuwait,KWT,"Labor force, total",SL.TLF.TOTL.IN,1172159
Kuwait,KWT,Land area (sq. km),AG.LND.TOTL.K2,17820
Kyrgyz Republic,KGZ,Access to electricity (% of population),EG.ELC.ACCS.ZS,99.44230769
Kyrgyz Republic,KGZ,Forest area (% of land area),AG.LND.FRST.ZS,4.532325275
Kyrgyz Republic,KGZ,Gross domestic savings (% of GDP),NY.GDS.TOTL.ZS,-2.054723922
Kyrgyz Republic,KGZ,"Labor force, total",SL.TLF.TOTL.IN,2311441
Kyrgyz Republic,KGZ,Land area (sq. km),AG.LND.TOTL.K2,191800
Lao PDR,LAO,Access to electricity (% of population),EG.ELC.ACCS.ZS,57.2
Lao PDR,LAO,Forest area (% of land area),AG.LND.FRST.ZS,73.09233508
Lao PDR,LAO,Gross domestic savings (% of GDP),NY.GDS.TOTL.ZS,20.19291197
Lao PDR,LAO,"Labor force, total",SL.TLF.TOTL.IN,2705434
Lao PDR,LAO,Land area (sq. km),AG.LND.TOTL.K2,230800
Latvia,LVA,Access to electricity (% of population),EG.ELC.ACCS.ZS,100
Latvia,LVA,Forest area (% of land area),AG.LND.FRST.ZS,53.00983903
Latvia,LVA,Gross domestic savings (% of GDP),NY.GDS.TOTL.ZS,20.66146992
Latvia,LVA,"Labor force, total",SL.TLF.TOTL.IN,1093788
Latvia,LVA,Land area (sq. km),AG.LND.TOTL.K2,62196.00098
Lebanon,LBN,Access to electricity (% of population),EG.ELC.ACCS.ZS,99.60125732
Lebanon,LBN,Forest area (% of land area),AG.LND.FRST.ZS,13.3431085
Lebanon,LBN,Gross domestic savings (% of GDP),NY.GDS.TOTL.ZS,4.171312818
Lebanon,LBN,"Labor force, total",SL.TLF.TOTL.IN,1512170
Lebanon,LBN,Land area (sq. km),AG.LND.TOTL.K2,10230
Lesotho,LSO,Access to electricity (% of population),EG.ELC.ACCS.ZS,10.44579601
Lesotho,LSO,Forest area (% of land area),AG.LND.FRST.ZS,1.416337286
Lesotho,LSO,Gross domestic savings (% of GDP),NY.GDS.TOTL.ZS,..
Lesotho,LSO,"Labor force, total",SL.TLF.TOTL.IN,882524
Lesotho,LSO,Land area (sq. km),AG.LND.TOTL.K2,30360
Liberia,LBR,Access to electricity (% of population),EG.ELC.ACCS.ZS,..
Liberia,LBR,Forest area (% of land area),AG.LND.FRST.ZS,46.50124585
Liberia,LBR,Gross domestic savings (% of GDP),NY.GDS.TOTL.ZS,-132.7272392
Liberia,LBR,"Labor force, total",SL.TLF.TOTL.IN,1031421
Liberia,LBR,Land area (sq. km),AG.LND.TOTL.K2,96320
Libya,LBY,Access to electricity (% of population),EG.ELC.ACCS.ZS,90.17337799
Libya,LBY,Forest area (% of land area),AG.LND.FRST.ZS,0.123327688
Libya,LBY,Gross domestic savings (% of GDP),NY.GDS.TOTL.ZS,64.23680036
Libya,LBY,"Labor force, total",SL.TLF.TOTL.IN,1997897
Libya,LBY,Land area (sq. km),AG.LND.TOTL.K2,1759540
Liechtenstein,LIE,Access to electricity (% of population),EG.ELC.ACCS.ZS,100
Liechtenstein,LIE,Forest area (% of land area),AG.LND.FRST.ZS,43.1250006
Liechtenstein,LIE,Gross domestic savings (% of GDP),NY.GDS.TOTL.ZS,..
Liechtenstein,LIE,"Labor force, total",SL.TLF.TOTL.IN,..
Liechtenstein,LIE,Land area (sq. km),AG.LND.TOTL.K2,160
Lithuania,LTU,Access to electricity (% of population),EG.ELC.ACCS.ZS,100
Lithuania,LTU,Forest area (% of land area),AG.LND.FRST.ZS,33.83854499
Lithuania,LTU,Gross domestic savings (% of GDP),NY.GDS.TOTL.ZS,16.82122199
Lithuania,LTU,"Labor force, total",SL.TLF.TOTL.IN,1553567
Lithuania,LTU,Land area (sq. km),AG.LND.TOTL.K2,62680
Luxembourg,LUX,Access to electricity (% of population),EG.ELC.ACCS.ZS,100
Luxembourg,LUX,Forest area (% of land area),AG.LND.FRST.ZS,35.67901109
Luxembourg,LUX,Gross domestic savings (% of GDP),NY.GDS.TOTL.ZS,46.55163791
Luxembourg,LUX,"Labor force, total",SL.TLF.TOTL.IN,207421
Luxembourg,LUX,Land area (sq. km),AG.LND.TOTL.K2,2430
"Macao SAR, China",MAC,Access to electricity (% of population),EG.ELC.ACCS.ZS,100
"Macao SAR, China",MAC,Forest area (% of land area),AG.LND.FRST.ZS,..
"Macao SAR, China",MAC,Gross domestic savings (% of GDP),NY.GDS.TOTL.ZS,58.26244942
"Macao SAR, China",MAC,"Labor force, total",SL.TLF.TOTL.IN,258002
"Macao SAR, China",MAC,Land area (sq. km),AG.LND.TOTL.K2,27.99999952
Madagascar,MDG,Access to electricity (% of population),EG.ELC.ACCS.ZS,15.32285976
Madagascar,MDG,Forest area (% of land area),AG.LND.FRST.ZS,22.07586752
Madagascar,MDG,Gross domestic savings (% of GDP),NY.GDS.TOTL.ZS,4.854587035
Madagascar,MDG,"Labor force, total",SL.TLF.TOTL.IN,8782870
Madagascar,MDG,Land area (sq. km),AG.LND.TOTL.K2,581540
Malawi,MWI,Access to electricity (% of population),EG.ELC.ACCS.ZS,6.63094902
Malawi,MWI,Forest area (% of land area),AG.LND.FRST.ZS,36.08400509
Malawi,MWI,Gross domestic savings (% of GDP),NY.GDS.TOTL.ZS,-4.110919596
Malawi,MWI,"Labor force, total",SL.TLF.TOTL.IN,5219611
Malawi,MWI,Land area (sq. km),AG.LND.TOTL.K2,94280
Malaysia,MYS,Access to electricity (% of population),EG.ELC.ACCS.ZS,..
Malaysia,MYS,Forest area (% of land area),AG.LND.FRST.ZS,63.58240755
Malaysia,MYS,Gross domestic savings (% of GDP),NY.GDS.TOTL.ZS,44.34009471
Malaysia,MYS,"Labor force, total",SL.TLF.TOTL.IN,10922365
Malaysia,MYS,Land area (sq. km),AG.LND.TOTL.K2,328550
Maldives,MDV,Access to electricity (% of population),EG.ELC.ACCS.ZS,91.087883
Maldives,MDV,Forest area (% of land area),AG.LND.FRST.ZS,3.333333333
Maldives,MDV,Gross domestic savings (% of GDP),NY.GDS.TOTL.ZS,..
Maldives,MDV,"Labor force, total",SL.TLF.TOTL.IN,127203
Maldives,MDV,Land area (sq. km),AG.LND.TOTL.K2,300
Mali,MLI,Access to electricity (% of population),EG.ELC.ACCS.ZS,17.89640808
Mali,MLI,Forest area (% of land area),AG.LND.FRST.ZS,4.511592457
Mali,MLI,Gross domestic savings (% of GDP),NY.GDS.TOTL.ZS,12.73430468
Mali,MLI,"Labor force, total",SL.TLF.TOTL.IN,4793276
Mali,MLI,Land area (sq. km),AG.LND.TOTL.K2,1220190
Malta,MLT,Access to electricity (% of population),EG.ELC.ACCS.ZS,100
Malta,MLT,Forest area (% of land area),AG.LND.FRST.ZS,1.093749981
Malta,MLT,Gross domestic savings (% of GDP),NY.GDS.TOTL.ZS,18.89889345
Malta,MLT,"Labor force, total",SL.TLF.TOTL.IN,161288
Malta,MLT,Land area (sq. km),AG.LND.TOTL.K2,320
Marshall Islands,MHL,Access to electricity (% of population),EG.ELC.ACCS.ZS,75.97669983
Marshall Islands,MHL,Forest area (% of land area),AG.LND.FRST.ZS,70.22222413
Marshall Islands,MHL,Gross domestic savings (% of GDP),NY.GDS.TOTL.ZS,-36.56029279
Marshall Islands,MHL,"Labor force, total",SL.TLF.TOTL.IN,..
Marshall Islands,MHL,Land area (sq. km),AG.LND.TOTL.K2,180
Mauritania,MRT,Access to electricity (% of population),EG.ELC.ACCS.ZS,18.2
Mauritania,MRT,Forest area (% of land area),AG.LND.FRST.ZS,0.259047249
Mauritania,MRT,Gross domestic savings (% of GDP),NY.GDS.TOTL.ZS,9.712222774
Mauritania,MRT,"Labor force, total",SL.TLF.TOTL.IN,848344
Mauritania,MRT,Land area (sq. km),AG.LND.TOTL.K2,1030700
Mauritius,MUS,Access to electricity (% of population),EG.ELC.ACCS.ZS,98.77565002
Mauritius,MUS,Forest area (% of land area),AG.LND.FRST.ZS,18.81773437
Mauritius,MUS,Gross domestic savings (% of GDP),NY.GDS.TOTL.ZS,17.47037321
Mauritius,MUS,"Labor force, total",SL.TLF.TOTL.IN,544400
Mauritius,MUS,Land area (sq. km),AG.LND.TOTL.K2,2030
Mexico,MEX,Access to electricity (% of population),EG.ELC.ACCS.ZS,98.932728
Mexico,MEX,Forest area (% of land area),AG.LND.FRST.ZS,34.50860362
Mexico,MEX,Gross domestic savings (% of GDP),NY.GDS.TOTL.ZS,20.85030811
Mexico,MEX,"Labor force, total",SL.TLF.TOTL.IN,44110186
Mexico,MEX,Land area (sq. km),AG.LND.TOTL.K2,1943950
"Micronesia, Fed. Sts.",FSM,Access to electricity (% of population),EG.ELC.ACCS.ZS,55.5058136
"Micronesia, Fed. Sts.",FSM,Forest area (% of land area),AG.LND.FRST.ZS,91.41428811
"Micronesia, Fed. Sts.",FSM,Gross domestic savings (% of GDP),NY.GDS.TOTL.ZS,..
"Micronesia, Fed. Sts.",FSM,"Labor force, total",SL.TLF.TOTL.IN,..
"Micronesia, Fed. Sts.",FSM,Land area (sq. km),AG.LND.TOTL.K2,700
Moldova,MDA,Access to electricity (% of population),EG.ELC.ACCS.ZS,98.6
Moldova,MDA,Forest area (% of land area),AG.LND.FRST.ZS,11.0367893
Moldova,MDA,Gross domestic savings (% of GDP),NY.GDS.TOTL.ZS,-9.87086989
Moldova,MDA,"Labor force, total",SL.TLF.TOTL.IN,1418023
Moldova,MDA,Land area (sq. km),AG.LND.TOTL.K2,32890
Monaco,MCO,Access to electricity (% of population),EG.ELC.ACCS.ZS,100
Monaco,MCO,Forest area (% of land area),AG.LND.FRST.ZS,..
Monaco,MCO,Gross domestic savings (% of GDP),NY.GDS.TOTL.ZS,..
Monaco,MCO,"Labor force, total",SL.TLF.TOTL.IN,..
Monaco,MCO,Land area (sq. km),AG.LND.TOTL.K2,2
Mongolia,MNG,Access to electricity (% of population),EG.ELC.ACCS.ZS,86.2
Mongolia,MNG,Forest area (% of land area),AG.LND.FRST.ZS,7.278766189
Mongolia,MNG,Gross domestic savings (% of GDP),NY.GDS.TOTL.ZS,32.68586805
Mongolia,MNG,"Labor force, total",SL.TLF.TOTL.IN,1063124
Mongolia,MNG,Land area (sq. km),AG.LND.TOTL.K2,1553560
Montenegro,MNE,Access to electricity (% of population),EG.ELC.ACCS.ZS,99.83022071
Montenegro,MNE,Forest area (% of land area),AG.LND.FRST.ZS,46.54275093
Montenegro,MNE,Gross domestic savings (% of GDP),NY.GDS.TOTL.ZS,0.199614985
Montenegro,MNE,"Labor force, total",SL.TLF.TOTL.IN,248285
Montenegro,MNE,Land area (sq. km),AG.LND.TOTL.K2,13450
Morocco,MAR,Access to electricity (% of population),EG.ELC.ACCS.ZS,80.27787781
Morocco,MAR,Forest area (% of land area),AG.LND.FRST.ZS,12.1017253
Morocco,MAR,Gross domestic savings (% of GDP),NY.GDS.TOTL.ZS,24.20307123
Morocco,MAR,"Labor force, total",SL.TLF.TOTL.IN,10670390
Morocco,MAR,Land area (sq. km),AG.LND.TOTL.K2,446300
Mozambique,MOZ,Access to electricity (% of population),EG.ELC.ACCS.ZS,12.02174759
Mozambique,MOZ,Forest area (% of land area),AG.LND.FRST.ZS,50.96645388
Mozambique,MOZ,Gross domestic savings (% of GDP),NY.GDS.TOTL.ZS,2.255935412
Mozambique,MOZ,"Labor force, total",SL.TLF.TOTL.IN,9542141
Mozambique,MOZ,Land area (sq. km),AG.LND.TOTL.K2,786380
Myanmar,MMR,Access to electricity (% of population),EG.ELC.ACCS.ZS,47.4370079
Myanmar,MMR,Forest area (% of land area),AG.LND.FRST.ZS,50.999449
Myanmar,MMR,Gross domestic savings (% of GDP),NY.GDS.TOTL.ZS,..
Myanmar,MMR,"Labor force, total",SL.TLF.TOTL.IN,23486251
Myanmar,MMR,Land area (sq. km),AG.LND.TOTL.K2,653360
Namibia,NAM,Access to electricity (% of population),EG.ELC.ACCS.ZS,39.66730499
Namibia,NAM,Forest area (% of land area),AG.LND.FRST.ZS,9.305348055
Namibia,NAM,Gross domestic savings (% of GDP),NY.GDS.TOTL.ZS,21.3035093
Namibia,NAM,"Labor force, total",SL.TLF.TOTL.IN,671395
Namibia,NAM,Land area (sq. km),AG.LND.TOTL.K2,823290
Nauru,NRU,Access to electricity (% of population),EG.ELC.ACCS.ZS,..
Nauru,NRU,Forest area (% of land area),AG.LND.FRST.ZS,0
Nauru,NRU,Gross domestic savings (% of GDP),NY.GDS.TOTL.ZS,..
Nauru,NRU,"Labor force, total",SL.TLF.TOTL.IN,..
Nauru,NRU,Land area (sq. km),AG.LND.TOTL.K2,20
Nepal,NPL,Access to electricity (% of population),EG.ELC.ACCS.ZS,46.22322083
Nepal,NPL,Forest area (% of land area),AG.LND.FRST.ZS,25.3644925
Nepal,NPL,Gross domestic savings (% of GDP),NY.GDS.TOTL.ZS,11.55565976
Nepal,NPL,"Labor force, total",SL.TLF.TOTL.IN,13163939
Nepal,NPL,Land area (sq. km),AG.LND.TOTL.K2,143350
Netherlands,NLD,Access to electricity (% of population),EG.ELC.ACCS.ZS,100
Netherlands,NLD,Forest area (% of land area),AG.LND.FRST.ZS,10.81161137
Netherlands,NLD,Gross domestic savings (% of GDP),NY.GDS.TOTL.ZS,28.91158377
Netherlands,NLD,"Labor force, total",SL.TLF.TOTL.IN,8579461
Netherlands,NLD,Land area (sq. km),AG.LND.TOTL.K2,33760
New Caledonia,NCL,Access to electricity (% of population),EG.ELC.ACCS.ZS,100
New Caledonia,NCL,Forest area (% of land area),AG.LND.FRST.ZS,45.89715536
New Caledonia,NCL,Gross domestic savings (% of GDP),NY.GDS.TOTL.ZS,..
New Caledonia,NCL,"Labor force, total",SL.TLF.TOTL.IN,109635
New Caledonia,NCL,Land area (sq. km),AG.LND.TOTL.K2,18280
New Zealand,NZL,Access to electricity (% of population),EG.ELC.ACCS.ZS,100
New Zealand,NZL,Forest area (% of land area),AG.LND.FRST.ZS,38.67304698
New Zealand,NZL,Gross domestic savings (% of GDP),NY.GDS.TOTL.ZS,23.97306935
New Zealand,NZL,"Labor force, total",SL.TLF.TOTL.IN,2178594
New Zealand,NZL,Land area (sq. km),AG.LND.TOTL.K2,263310
Nicaragua,NIC,Access to electricity (% of population),EG.ELC.ACCS.ZS,73.821815
Nicaragua,NIC,Forest area (% of land area),AG.LND.FRST.ZS,28.78510886
Nicaragua,NIC,Gross domestic savings (% of GDP),NY.GDS.TOTL.ZS,3.02225407
Nicaragua,NIC,"Labor force, total",SL.TLF.TOTL.IN,2167272
Nicaragua,NIC,Land area (sq. km),AG.LND.TOTL.K2,120340
Niger,NER,Access to electricity (% of population),EG.ELC.ACCS.ZS,7.1
Niger,NER,Forest area (% of land area),AG.LND.FRST.ZS,0.999447383
Niger,NER,Gross domestic savings (% of GDP),NY.GDS.TOTL.ZS,9.709091921
Niger,NER,"Labor force, total",SL.TLF.TOTL.IN,5492042
Niger,NER,Land area (sq. km),AG.LND.TOTL.K2,1266700
Nigeria,NGA,Access to electricity (% of population),EG.ELC.ACCS.ZS,47.18107605
Nigeria,NGA,Forest area (% of land area),AG.LND.FRST.ZS,12.17541201
Nigeria,NGA,Gross domestic savings (% of GDP),NY.GDS.TOTL.ZS,35.19804017
Nigeria,NGA,"Labor force, total",SL.TLF.TOTL.IN,42828205
Nigeria,NGA,Land area (sq. km),AG.LND.TOTL.K2,910770
North Macedonia,MKD,Access to electricity (% of population),EG.ELC.ACCS.ZS,100
North Macedonia,MKD,Forest area (% of land area),AG.LND.FRST.ZS,38.34054267
North Macedonia,MKD,Gross domestic savings (% of GDP),NY.GDS.TOTL.ZS,3.619746666
North Macedonia,MKD,"Labor force, total",SL.TLF.TOTL.IN,886512
North Macedonia,MKD,Land area (sq. km),AG.LND.TOTL.K2,25430
Northern Mariana Islands,MNP,Access to electricity (% of population),EG.ELC.ACCS.ZS,99.95397949
Northern Mariana Islands,MNP,Forest area (% of land area),AG.LND.FRST.ZS,67.69565085
Northern Mariana Islands,MNP,Gross domestic savings (% of GDP),NY.GDS.TOTL.ZS,..
Northern Mariana Islands,MNP,"Labor force, total",SL.TLF.TOTL.IN,..
Northern Mariana Islands,MNP,Land area (sq. km),AG.LND.TOTL.K2,460
Norway,NOR,Access to electricity (% of population),EG.ELC.ACCS.ZS,100
Norway,NOR,Forest area (% of land area),AG.LND.FRST.ZS,33.10663698
Norway,NOR,Gross domestic savings (% of GDP),NY.GDS.TOTL.ZS,38.59313142
Norway,NOR,"Labor force, total",SL.TLF.TOTL.IN,2431376
Norway,NOR,Land area (sq. km),AG.LND.TOTL.K2,365243.9844
Oman,OMN,Access to electricity (% of population),EG.ELC.ACCS.ZS,..
Oman,OMN,Forest area (% of land area),AG.LND.FRST.ZS,0.006462036
Oman,OMN,Gross domestic savings (% of GDP),NY.GDS.TOTL.ZS,48.64362815
Oman,OMN,"Labor force, total",SL.TLF.TOTL.IN,946780
Oman,OMN,Land area (sq. km),AG.LND.TOTL.K2,309500
Pakistan,PAK,Access to electricity (% of population),EG.ELC.ACCS.ZS,70.49060822
Pakistan,PAK,Forest area (% of land area),AG.LND.FRST.ZS,2.467310087
Pakistan,PAK,Gross domestic savings (% of GDP),NY.GDS.TOTL.ZS,15.20695617
Pakistan,PAK,"Labor force, total",SL.TLF.TOTL.IN,49292570
Pakistan,PAK,Land area (sq. km),AG.LND.TOTL.K2,770880
Palau,PLW,Access to electricity (% of population),EG.ELC.ACCS.ZS,98.91650733
Palau,PLW,Forest area (% of land area),AG.LND.FRST.ZS,87.60869399
Palau,PLW,Gross domestic savings (% of GDP),NY.GDS.TOTL.ZS,3.256437039
Palau,PLW,"Labor force, total",SL.TLF.TOTL.IN,..
Palau,PLW,Land area (sq. km),AG.LND.TOTL.K2,460
Panama,PAN,Access to electricity (% of population),EG.ELC.ACCS.ZS,85.37091064
Panama,PAN,Forest area (% of land area),AG.LND.FRST.ZS,64.32606941
Panama,PAN,Gross domestic savings (% of GDP),NY.GDS.TOTL.ZS,22.85850532
Panama,PAN,"Labor force, total",SL.TLF.TOTL.IN,1495406
Panama,PAN,Land area (sq. km),AG.LND.TOTL.K2,74340
Papua New Guinea,PNG,Access to electricity (% of population),EG.ELC.ACCS.ZS,19.86060333
Papua New Guinea,PNG,Forest area (% of land area),AG.LND.FRST.ZS,74.16420086
Papua New Guinea,PNG,Gross domestic savings (% of GDP),NY.GDS.TOTL.ZS,..
Papua New Guinea,PNG,"Labor force, total",SL.TLF.TOTL.IN,2410988
Papua New Guinea,PNG,Land area (sq. km),AG.LND.TOTL.K2,452860
Paraguay,PRY,Access to electricity (% of population),EG.ELC.ACCS.ZS,94.686886
Paraguay,PRY,Forest area (% of land area),AG.LND.FRST.ZS,46.50138434
Paraguay,PRY,Gross domestic savings (% of GDP),NY.GDS.TOTL.ZS,31.06840498
Paraguay,PRY,"Labor force, total",SL.TLF.TOTL.IN,2662080
Paraguay,PRY,Land area (sq. km),AG.LND.TOTL.K2,397300
Peru,PER,Access to electricity (% of population),EG.ELC.ACCS.ZS,77.173645
Peru,PER,Forest area (% of land area),AG.LND.FRST.ZS,59.00625
Peru,PER,Gross domestic savings (% of GDP),NY.GDS.TOTL.ZS,23.62402243
Peru,PER,"Labor force, total",SL.TLF.TOTL.IN,13761026
Peru,PER,Land area (sq. km),AG.LND.TOTL.K2,1280000
Philippines,PHL,Access to electricity (% of population),EG.ELC.ACCS.ZS,80.03903961
Philippines,PHL,Forest area (% of land area),AG.LND.FRST.ZS,23.7247208
Philippines,PHL,Gross domestic savings (% of GDP),NY.GDS.TOTL.ZS,15.94582365
Philippines,PHL,"Labor force, total",SL.TLF.TOTL.IN,33625210
Philippines,PHL,Land area (sq. km),AG.LND.TOTL.K2,298170
Poland,POL,Access to electricity (% of population),EG.ELC.ACCS.ZS,100
Poland,POL,Forest area (% of land area),AG.LND.FRST.ZS,30.03297098
Poland,POL,Gross domestic savings (% of GDP),NY.GDS.TOTL.ZS,18.84947318
Poland,POL,"Labor force, total",SL.TLF.TOTL.IN,17529374
Poland,POL,Land area (sq. km),AG.LND.TOTL.K2,306330
Portugal,PRT,Access to electricity (% of population),EG.ELC.ACCS.ZS,100
Portugal,PRT,Forest area (% of land area),AG.LND.FRST.ZS,36.03367224
Portugal,PRT,Gross domestic savings (% of GDP),NY.GDS.TOTL.ZS,14.55394048
Portugal,PRT,"Labor force, total",SL.TLF.TOTL.IN,5503823
Portugal,PRT,Land area (sq. km),AG.LND.TOTL.K2,91470
Puerto Rico,PRI,Access to electricity (% of population),EG.ELC.ACCS.ZS,100
Puerto Rico,PRI,Forest area (% of land area),AG.LND.FRST.ZS,52.18376495
Puerto Rico,PRI,Gross domestic savings (% of GDP),NY.GDS.TOTL.ZS,31.91811129
Puerto Rico,PRI,"Labor force, total",SL.TLF.TOTL.IN,1407002
Puerto Rico,PRI,Land area (sq. km),AG.LND.TOTL.K2,8870
Qatar,QAT,Access to electricity (% of population),EG.ELC.ACCS.ZS,100
Qatar,QAT,Forest area (% of land area),AG.LND.FRST.ZS,0
Qatar,QAT,Gross domestic savings (% of GDP),NY.GDS.TOTL.ZS,69.74353912
Qatar,QAT,"Labor force, total",SL.TLF.TOTL.IN,544274
Qatar,QAT,Land area (sq. km),AG.LND.TOTL.K2,11610
Romania,ROU,Access to electricity (% of population),EG.ELC.ACCS.ZS,100
Romania,ROU,Forest area (% of land area),AG.LND.FRST.ZS,27.78937299
Romania,ROU,Gross domestic savings (% of GDP),NY.GDS.TOTL.ZS,12.64057723
Romania,ROU,"Labor force, total",SL.TLF.TOTL.IN,9607668
Romania,ROU,Land area (sq. km),AG.LND.TOTL.K2,229980
Russian Federation,RUS,Access to electricity (% of population),EG.ELC.ACCS.ZS,100
Russian Federation,RUS,Forest area (% of land area),AG.LND.FRST.ZS,49.37248915
Russian Federation,RUS,Gross domestic savings (% of GDP),NY.GDS.TOTL.ZS,33.18668818
Russian Federation,RUS,"Labor force, total",SL.TLF.TOTL.IN,74220774
Russian Federation,RUS,Land area (sq. km),AG.LND.TOTL.K2,16381390
Rwanda,RWA,Access to electricity (% of population),EG.ELC.ACCS.ZS,4.8
Rwanda,RWA,Forest area (% of land area),AG.LND.FRST.ZS,15.60599919
Rwanda,RWA,Gross domestic savings (% of GDP),NY.GDS.TOTL.ZS,5.782372876
Rwanda,RWA,"Labor force, total",SL.TLF.TOTL.IN,4314973
Rwanda,RWA,Land area (sq. km),AG.LND.TOTL.K2,24670
Samoa,WSM,Access to electricity (% of population),EG.ELC.ACCS.ZS,91.23090363
Samoa,WSM,Forest area (% of land area),AG.LND.FRST.ZS,60.42402827
Samoa,WSM,Gross domestic savings (% of GDP),NY.GDS.TOTL.ZS,..
Samoa,WSM,"Labor force, total",SL.TLF.TOTL.IN,35755
Samoa,WSM,Land area (sq. km),AG.LND.TOTL.K2,2830
San Marino,SMR,Access to electricity (% of population),EG.ELC.ACCS.ZS,100
San Marino,SMR,Forest area (% of land area),AG.LND.FRST.ZS,0
San Marino,SMR,Gross domestic savings (% of GDP),NY.GDS.TOTL.ZS,..
San Marino,SMR,"Labor force, total",SL.TLF.TOTL.IN,..
San Marino,SMR,Land area (sq. km),AG.LND.TOTL.K2,60
Sao Tome and Principe,STP,Access to electricity (% of population),EG.ELC.ACCS.ZS,55.92195511
Sao Tome and Principe,STP,Forest area (% of land area),AG.LND.FRST.ZS,58.33333333
Sao Tome and Principe,STP,Gross domestic savings (% of GDP),NY.GDS.TOTL.ZS,..
Sao Tome and Principe,STP,"Labor force, total",SL.TLF.TOTL.IN,50294
Sao Tome and Principe,STP,Land area (sq. km),AG.LND.TOTL.K2,960
Saudi Arabia,SAU,Access to electricity (% of population),EG.ELC.ACCS.ZS,100
Saudi Arabia,SAU,Forest area (% of land area),AG.LND.FRST.ZS,0.454484135
Saudi Arabia,SAU,Gross domestic savings (% of GDP),NY.GDS.TOTL.ZS,52.32224354
Saudi Arabia,SAU,"Labor force, total",SL.TLF.TOTL.IN,7945226
Saudi Arabia,SAU,Land area (sq. km),AG.LND.TOTL.K2,2149690
Senegal,SEN,Access to electricity (% of population),EG.ELC.ACCS.ZS,47.1
Senegal,SEN,Forest area (% of land area),AG.LND.FRST.ZS,45.04752506
Senegal,SEN,Gross domestic savings (% of GDP),NY.GDS.TOTL.ZS,9.079531135
Senegal,SEN,"Labor force, total",SL.TLF.TOTL.IN,3177988
Senegal,SEN,Land area (sq. km),AG.LND.TOTL.K2,192530
Serbia,SRB,Access to electricity (% of population),EG.ELC.ACCS.ZS,99.69072165
Serbia,SRB,Forest area (% of land area),AG.LND.FRST.ZS,28.31008461
Serbia,SRB,Gross domestic savings (% of GDP),NY.GDS.TOTL.ZS,5.621518808
Serbia,SRB,"Labor force, total",SL.TLF.TOTL.IN,3303149
Serbia,SRB,Land area (sq. km),AG.LND.TOTL.K2,87460
Seychelles,SYC,Access to electricity (% of population),EG.ELC.ACCS.ZS,95.70980835
Seychelles,SYC,Forest area (% of land area),AG.LND.FRST.ZS,88.4130395
Seychelles,SYC,Gross domestic savings (% of GDP),NY.GDS.TOTL.ZS,..
Seychelles,SYC,"Labor force, total",SL.TLF.TOTL.IN,..
Seychelles,SYC,Land area (sq. km),AG.LND.TOTL.K2,460
Sierra Leone,SLE,Access to electricity (% of population),EG.ELC.ACCS.ZS,11.33248552
Sierra Leone,SLE,Forest area (% of land area),AG.LND.FRST.ZS,39.12441119
Sierra Leone,SLE,Gross domestic savings (% of GDP),NY.GDS.TOTL.ZS,0.944674983
Sierra Leone,SLE,"Labor force, total",SL.TLF.TOTL.IN,2065742
Sierra Leone,SLE,Land area (sq. km),AG.LND.TOTL.K2,72180
Singapore,SGP,Access to electricity (% of population),EG.ELC.ACCS.ZS,100
Singapore,SGP,Forest area (% of land area),AG.LND.FRST.ZS,23.73004357
Singapore,SGP,Gross domestic savings (% of GDP),NY.GDS.TOTL.ZS,50.25497948
Singapore,SGP,"Labor force, total",SL.TLF.TOTL.IN,2266575
Singapore,SGP,Land area (sq. km),AG.LND.TOTL.K2,689.0000153
Sint Maarten (Dutch part),SXM,Access to electricity (% of population),EG.ELC.ACCS.ZS,..
Sint Maarten (Dutch part),SXM,Forest area (% of land area),AG.LND.FRST.ZS,..
Sint Maarten (Dutch part),SXM,Gross domestic savings (% of GDP),NY.GDS.TOTL.ZS,..
Sint Maarten (Dutch part),SXM,"Labor force, total",SL.TLF.TOTL.IN,..
Sint Maarten (Dutch part),SXM,Land area (sq. km),AG.LND.TOTL.K2,34
Slovak Republic,SVK,Access to electricity (% of population),EG.ELC.ACCS.ZS,100
Slovak Republic,SVK,Forest area (% of land area),AG.LND.FRST.ZS,40.16632017
Slovak Republic,SVK,Gross domestic savings (% of GDP),NY.GDS.TOTL.ZS,25.12442108
Slovak Republic,SVK,"Labor force, total",SL.TLF.TOTL.IN,2661942
Slovak Republic,SVK,Land area (sq. km),AG.LND.TOTL.K2,48100
Slovenia,SVN,Access to electricity (% of population),EG.ELC.ACCS.ZS,100
Slovenia,SVN,Forest area (% of land area),AG.LND.FRST.ZS,61.71797418
Slovenia,SVN,Gross domestic savings (% of GDP),NY.GDS.TOTL.ZS,27.74233301
Slovenia,SVN,"Labor force, total",SL.TLF.TOTL.IN,1018972
Slovenia,SVN,Land area (sq. km),AG.LND.TOTL.K2,20140
Solomon Islands,SLB,Access to electricity (% of population),EG.ELC.ACCS.ZS,19.38389969
Solomon Islands,SLB,Forest area (% of land area),AG.LND.FRST.ZS,80.06430868
Solomon Islands,SLB,Gross domestic savings (% of GDP),NY.GDS.TOTL.ZS,-10.07796708
Solomon Islands,SLB,"Labor force, total",SL.TLF.TOTL.IN,200745
Solomon Islands,SLB,Land area (sq. km),AG.LND.TOTL.K2,27990
Somalia,SOM,Access to electricity (% of population),EG.ELC.ACCS.ZS,13.05195618
Somalia,SOM,Forest area (% of land area),AG.LND.FRST.ZS,11.3670418
Somalia,SOM,Gross domestic savings (% of GDP),NY.GDS.TOTL.ZS,..
Somalia,SOM,"Labor force, total",SL.TLF.TOTL.IN,2538575
Somalia,SOM,Land area (sq. km),AG.LND.TOTL.K2,627340
South Africa,ZAF,Access to electricity (% of population),EG.ELC.ACCS.ZS,80.9
South Africa,ZAF,Forest area (% of land area),AG.LND.FRST.ZS,7.617736524
South Africa,ZAF,Gross domestic savings (% of GDP),NY.GDS.TOTL.ZS,18.54996236
South Africa,ZAF,"Labor force, total",SL.TLF.TOTL.IN,18031191
South Africa,ZAF,Land area (sq. km),AG.LND.TOTL.K2,1213090
South Sudan,SSD,Access to electricity (% of population),EG.ELC.ACCS.ZS,..
South Sudan,SSD,Forest area (% of land area),AG.LND.FRST.ZS,..
South Sudan,SSD,Gross domestic savings (% of GDP),NY.GDS.TOTL.ZS,..
South Sudan,SSD,"Labor force, total",SL.TLF.TOTL.IN,3097145
South Sudan,SSD,Land area (sq. km),AG.LND.TOTL.K2,..
Spain,ESP,Access to electricity (% of population),EG.ELC.ACCS.ZS,100
Spain,ESP,Forest area (% of land area),AG.LND.FRST.ZS,34.62720119
Spain,ESP,Gross domestic savings (% of GDP),NY.GDS.TOTL.ZS,25.01617295
Spain,ESP,"Labor force, total",SL.TLF.TOTL.IN,21270027
Spain,ESP,Land area (sq. km),AG.LND.TOTL.K2,499090
Sri Lanka,LKA,Access to electricity (% of population),EG.ELC.ACCS.ZS,77.56867981
Sri Lanka,LKA,Forest area (% of land area),AG.LND.FRST.ZS,33.77451762
Sri Lanka,LKA,Gross domestic savings (% of GDP),NY.GDS.TOTL.ZS,17.89722853
Sri Lanka,LKA,"Labor force, total",SL.TLF.TOTL.IN,8192167
Sri Lanka,LKA,Land area (sq. km),AG.LND.TOTL.K2,62710
St. Kitts and Nevis,KNA,Access to electricity (% of population),EG.ELC.ACCS.ZS,96.09822083
St. Kitts and Nevis,KNA,Forest area (% of land area),AG.LND.FRST.ZS,42.30769231
St. Kitts and Nevis,KNA,Gross domestic savings (% of GDP),NY.GDS.TOTL.ZS,..
St. Kitts and Nevis,KNA,"Labor force, total",SL.TLF.TOTL.IN,..
St. Kitts and Nevis,KNA,Land area (sq. km),AG.LND.TOTL.K2,260
St. Lucia,LCA,Access to electricity (% of population),EG.ELC.ACCS.ZS,91.84897614
St. Lucia,LCA,Forest area (% of land area),AG.LND.FRST.ZS,34.26229446
St. Lucia,LCA,Gross domestic savings (% of GDP),NY.GDS.TOTL.ZS,26.04183209
St. Lucia,LCA,"Labor force, total",SL.TLF.TOTL.IN,77905
St. Lucia,LCA,Land area (sq. km),AG.LND.TOTL.K2,610
St. Martin (French part),MAF,Access to electricity (% of population),EG.ELC.ACCS.ZS,..
St. Martin (French part),MAF,Forest area (% of land area),AG.LND.FRST.ZS,18.38235294
St. Martin (French part),MAF,Gross domestic savings (% of GDP),NY.GDS.TOTL.ZS,..
St. Martin (French part),MAF,"Labor force, total",SL.TLF.TOTL.IN,..
St. Martin (French part),MAF,Land area (sq. km),AG.LND.TOTL.K2,54.4
St. Vincent and the Grenadines,VCT,Access to electricity (% of population),EG.ELC.ACCS.ZS,86.44233704
St. Vincent and the Grenadines,VCT,Forest area (% of land area),AG.LND.FRST.ZS,66.66666667
St. Vincent and the Grenadines,VCT,Gross domestic savings (% of GDP),NY.GDS.TOTL.ZS,..
St. Vincent and the Grenadines,VCT,"Labor force, total",SL.TLF.TOTL.IN,52149
St. Vincent and the Grenadines,VCT,Land area (sq. km),AG.LND.TOTL.K2,390
Sudan,SDN,Access to electricity (% of population),EG.ELC.ACCS.ZS,33.65529251
Sudan,SDN,Forest area (% of land area),AG.LND.FRST.ZS,..
Sudan,SDN,Gross domestic savings (% of GDP),NY.GDS.TOTL.ZS,13.9125455
Sudan,SDN,"Labor force, total",SL.TLF.TOTL.IN,8589632
Sudan,SDN,Land area (sq. km),AG.LND.TOTL.K2,..
Suriname,SUR,Access to electricity (% of population),EG.ELC.ACCS.ZS,94.13384247
Suriname,SUR,Forest area (% of land area),AG.LND.FRST.ZS,98.53205128
Suriname,SUR,Gross domestic savings (% of GDP),NY.GDS.TOTL.ZS,..
Suriname,SUR,"Labor force, total",SL.TLF.TOTL.IN,175710
Suriname,SUR,Land area (sq. km),AG.LND.TOTL.K2,156000
Sweden,SWE,Access to electricity (% of population),EG.ELC.ACCS.ZS,100
Sweden,SWE,Forest area (% of land area),AG.LND.FRST.ZS,68.76736365
Sweden,SWE,Gross domestic savings (% of GDP),NY.GDS.TOTL.ZS,29.25746294
Sweden,SWE,"Labor force, total",SL.TLF.TOTL.IN,4688555
Sweden,SWE,Land area (sq. km),AG.LND.TOTL.K2,410340
Switzerland,CHE,Access to electricity (% of population),EG.ELC.ACCS.ZS,100
Switzerland,CHE,Forest area (% of land area),AG.LND.FRST.ZS,30.79609254
Switzerland,CHE,Gross domestic savings (% of GDP),NY.GDS.TOTL.ZS,31.26615298
Switzerland,CHE,"Labor force, total",SL.TLF.TOTL.IN,4171752
Switzerland,CHE,Land area (sq. km),AG.LND.TOTL.K2,39518.00049
Syrian Arab Republic,SYR,Access to electricity (% of population),EG.ELC.ACCS.ZS,92.15045929
Syrian Arab Republic,SYR,Forest area (% of land area),AG.LND.FRST.ZS,2.51130359
Syrian Arab Republic,SYR,Gross domestic savings (% of GDP),NY.GDS.TOTL.ZS,20.35855442
Syrian Arab Republic,SYR,"Labor force, total",SL.TLF.TOTL.IN,5196070
Syrian Arab Republic,SYR,Land area (sq. km),AG.LND.TOTL.K2,183570
Tajikistan,TJK,Access to electricity (% of population),EG.ELC.ACCS.ZS,99.3
Tajikistan,TJK,Forest area (% of land area),AG.LND.FRST.ZS,2.929408402
Tajikistan,TJK,Gross domestic savings (% of GDP),NY.GDS.TOTL.ZS,-3.144339911
Tajikistan,TJK,"Labor force, total",SL.TLF.TOTL.IN,1789726
Tajikistan,TJK,Land area (sq. km),AG.LND.TOTL.K2,139960
Tanzania,TZA,Access to electricity (% of population),EG.ELC.ACCS.ZS,13.17788315
Tanzania,TZA,Forest area (% of land area),AG.LND.FRST.ZS,56.35583653
Tanzania,TZA,Gross domestic savings (% of GDP),NY.GDS.TOTL.ZS,24.40335874
Tanzania,TZA,"Labor force, total",SL.TLF.TOTL.IN,18730033
Tanzania,TZA,Land area (sq. km),AG.LND.TOTL.K2,885800
Thailand,THA,Access to electricity (% of population),EG.ELC.ACCS.ZS,92.53581238
Thailand,THA,Forest area (% of land area),AG.LND.FRST.ZS,31.51363307
Thailand,THA,Gross domestic savings (% of GDP),NY.GDS.TOTL.ZS,30.50645165
Thailand,THA,"Labor force, total",SL.TLF.TOTL.IN,37782107
Thailand,THA,Land area (sq. km),AG.LND.TOTL.K2,510890
Timor-Leste,TLS,Access to electricity (% of population),EG.ELC.ACCS.ZS,33.55041504
Timor-Leste,TLS,Forest area (% of land area),AG.LND.FRST.ZS,53.66509751
Timor-Leste,TLS,Gross domestic savings (% of GDP),NY.GDS.TOTL.ZS,63.14419672
Timor-Leste,TLS,"Labor force, total",SL.TLF.TOTL.IN,270774
Timor-Leste,TLS,Land area (sq. km),AG.LND.TOTL.K2,14870
Togo,TGO,Access to electricity (% of population),EG.ELC.ACCS.ZS,26.67479706
Togo,TGO,Forest area (% of land area),AG.LND.FRST.ZS,7.096892811
Togo,TGO,Gross domestic savings (% of GDP),NY.GDS.TOTL.ZS,6.105116004
Togo,TGO,"Labor force, total",SL.TLF.TOTL.IN,2587769
Togo,TGO,Land area (sq. km),AG.LND.TOTL.K2,54390
Tonga,TON,Access to electricity (% of population),EG.ELC.ACCS.ZS,88.86142731
Tonga,TON,Forest area (% of land area),AG.LND.FRST.ZS,12.5
Tonga,TON,Gross domestic savings (% of GDP),NY.GDS.TOTL.ZS,-17.34389267
Tonga,TON,"Labor force, total",SL.TLF.TOTL.IN,37535
Tonga,TON,Land area (sq. km),AG.LND.TOTL.K2,720
Trinidad and Tobago,TTO,Access to electricity (% of population),EG.ELC.ACCS.ZS,97.40485382
Trinidad and Tobago,TTO,Forest area (% of land area),AG.LND.FRST.ZS,44.83430799
Trinidad and Tobago,TTO,Gross domestic savings (% of GDP),NY.GDS.TOTL.ZS,..
Trinidad and Tobago,TTO,"Labor force, total",SL.TLF.TOTL.IN,655138
Trinidad and Tobago,TTO,Land area (sq. km),AG.LND.TOTL.K2,5130
Tunisia,TUN,Access to electricity (% of population),EG.ELC.ACCS.ZS,99.3
Tunisia,TUN,Forest area (% of land area),AG.LND.FRST.ZS,5.889546859
Tunisia,TUN,Gross domestic savings (% of GDP),NY.GDS.TOTL.ZS,21.29278021
Tunisia,TUN,"Labor force, total",SL.TLF.TOTL.IN,3398005
Tunisia,TUN,Land area (sq. km),AG.LND.TOTL.K2,155360
Turkey,TUR,Access to electricity (% of population),EG.ELC.ACCS.ZS,..
Turkey,TUR,Forest area (% of land area),AG.LND.FRST.ZS,13.85341008
Turkey,TUR,Gross domestic savings (% of GDP),NY.GDS.TOTL.ZS,23.63196903
Turkey,TUR,"Labor force, total",SL.TLF.TOTL.IN,22316274
Turkey,TUR,Land area (sq. km),AG.LND.TOTL.K2,769630
Turkmenistan,TKM,Access to electricity (% of population),EG.ELC.ACCS.ZS,99.70436096
Turkmenistan,TKM,Forest area (% of land area),AG.LND.FRST.ZS,8.782159045
Turkmenistan,TKM,Gross domestic savings (% of GDP),NY.GDS.TOTL.ZS,38.76379542
Turkmenistan,TKM,"Labor force, total",SL.TLF.TOTL.IN,2028599
Turkmenistan,TKM,Land area (sq. km),AG.LND.TOTL.K2,469930
Turks and Caicos Islands,TCA,Access to electricity (% of population),EG.ELC.ACCS.ZS,96.12085724
Turks and Caicos Islands,TCA,Forest area (% of land area),AG.LND.FRST.ZS,36.21052792
Turks and Caicos Islands,TCA,Gross domestic savings (% of GDP),NY.GDS.TOTL.ZS,..
Turks and Caicos Islands,TCA,"Labor force, total",SL.TLF.TOTL.IN,..
Turks and Caicos Islands,TCA,Land area (sq. km),AG.LND.TOTL.K2,950
Tuvalu,TUV,Access to electricity (% of population),EG.ELC.ACCS.ZS,95.67805481
Tuvalu,TUV,Forest area (% of land area),AG.LND.FRST.ZS,33.33333333
Tuvalu,TUV,Gross domestic savings (% of GDP),NY.GDS.TOTL.ZS,..
Tuvalu,TUV,"Labor force, total",SL.TLF.TOTL.IN,..
Tuvalu,TUV,Land area (sq. km),AG.LND.TOTL.K2,30
Uganda,UGA,Access to electricity (% of population),EG.ELC.ACCS.ZS,8.9
Uganda,UGA,Forest area (% of land area),AG.LND.FRST.ZS,17.16130324
Uganda,UGA,Gross domestic savings (% of GDP),NY.GDS.TOTL.ZS,11.87368944
Uganda,UGA,"Labor force, total",SL.TLF.TOTL.IN,9810357
Uganda,UGA,Land area (sq. km),AG.LND.TOTL.K2,199810
Ukraine,UKR,Access to electricity (% of population),EG.ELC.ACCS.ZS,99.8855617
Ukraine,UKR,Forest area (% of land area),AG.LND.FRST.ZS,16.52628672
Ukraine,UKR,Gross domestic savings (% of GDP),NY.GDS.TOTL.ZS,24.72580671
Ukraine,UKR,"Labor force, total",SL.TLF.TOTL.IN,22163073
Ukraine,UKR,Land area (sq. km),AG.LND.TOTL.K2,579380
United Arab Emirates,ARE,Access to electricity (% of population),EG.ELC.ACCS.ZS,100
United Arab Emirates,ARE,Forest area (% of land area),AG.LND.FRST.ZS,4.393128696
United Arab Emirates,ARE,Gross domestic savings (% of GDP),NY.GDS.TOTL.ZS,35.78445266
United Arab Emirates,ARE,"Labor force, total",SL.TLF.TOTL.IN,2937065
United Arab Emirates,ARE,Land area (sq. km),AG.LND.TOTL.K2,71020
United Kingdom,GBR,Access to electricity (% of population),EG.ELC.ACCS.ZS,100
United Kingdom,GBR,Forest area (% of land area),AG.LND.FRST.ZS,12.48708304
United Kingdom,GBR,Gross domestic savings (% of GDP),NY.GDS.TOTL.ZS,14.91049884
United Kingdom,GBR,"Labor force, total",SL.TLF.TOTL.IN,30590477
United Kingdom,GBR,Land area (sq. km),AG.LND.TOTL.K2,241930
United States,USA,Access to electricity (% of population),EG.ELC.ACCS.ZS,100
United States,USA,Forest area (% of land area),AG.LND.FRST.ZS,33.2634426
United States,USA,Gross domestic savings (% of GDP),NY.GDS.TOTL.ZS,17.84828904
United States,USA,"Labor force, total",SL.TLF.TOTL.IN,152118714
United States,USA,Land area (sq. km),AG.LND.TOTL.K2,9161920
Uruguay,URY,Access to electricity (% of population),EG.ELC.ACCS.ZS,98.68147278
Uruguay,URY,Forest area (% of land area),AG.LND.FRST.ZS,8.695006564
Uruguay,URY,Gross domestic savings (% of GDP),NY.GDS.TOTL.ZS,19.62920143
Uruguay,URY,"Labor force, total",SL.TLF.TOTL.IN,1584040
Uruguay,URY,Land area (sq. km),AG.LND.TOTL.K2,175020
Uzbekistan,UZB,Access to electricity (% of population),EG.ELC.ACCS.ZS,99.69625854
Uzbekistan,UZB,Forest area (% of land area),AG.LND.FRST.ZS,7.745651152
Uzbekistan,UZB,Gross domestic savings (% of GDP),NY.GDS.TOTL.ZS,34.09280053
Uzbekistan,UZB,"Labor force, total",SL.TLF.TOTL.IN,11144733
Uzbekistan,UZB,Land area (sq. km),AG.LND.TOTL.K2,425400
Vanuatu,VUT,Access to electricity (% of population),EG.ELC.ACCS.ZS,29.67459106
Vanuatu,VUT,Forest area (% of land area),AG.LND.FRST.ZS,36.09515997
Vanuatu,VUT,Gross domestic savings (% of GDP),NY.GDS.TOTL.ZS,19.60461667
Vanuatu,VUT,"Labor force, total",SL.TLF.TOTL.IN,88803
Vanuatu,VUT,Land area (sq. km),AG.LND.TOTL.K2,12190
"Venezuela, RB",VEN,Access to electricity (% of population),EG.ELC.ACCS.ZS,98.85987091
"Venezuela, RB",VEN,Forest area (% of land area),AG.LND.FRST.ZS,54.09330537
"Venezuela, RB",VEN,Gross domestic savings (% of GDP),NY.GDS.TOTL.ZS,42.1940093
"Venezuela, RB",VEN,"Labor force, total",SL.TLF.TOTL.IN,11742257
"Venezuela, RB",VEN,Land area (sq. km),AG.LND.TOTL.K2,882050
Vietnam,VNM,Access to electricity (% of population),EG.ELC.ACCS.ZS,96.1
Vietnam,VNM,Forest area (% of land area),AG.LND.FRST.ZS,42.17434773
Vietnam,VNM,Gross domestic savings (% of GDP),NY.GDS.TOTL.ZS,29.0461389
Vietnam,VNM,"Labor force, total",SL.TLF.TOTL.IN,46516141
Vietnam,VNM,Land area (sq. km),AG.LND.TOTL.K2,310070
Virgin Islands (U.S.),VIR,Access to electricity (% of population),EG.ELC.ACCS.ZS,100
Virgin Islands (U.S.),VIR,Forest area (% of land area),AG.LND.FRST.ZS,53.51428441
Virgin Islands (U.S.),VIR,Gross domestic savings (% of GDP),NY.GDS.TOTL.ZS,..
Virgin Islands (U.S.),VIR,"Labor force, total",SL.TLF.TOTL.IN,53848
Virgin Islands (U.S.),VIR,Land area (sq. km),AG.LND.TOTL.K2,350
West Bank and Gaza,PSE,Access to electricity (% of population),EG.ELC.ACCS.ZS,99.34732819
West Bank and Gaza,PSE,Forest area (% of land area),AG.LND.FRST.ZS,1.523255827
West Bank and Gaza,PSE,Gross domestic savings (% of GDP),NY.GDS.TOTL.ZS,-33.48234612
West Bank and Gaza,PSE,"Labor force, total",SL.TLF.TOTL.IN,734126
West Bank and Gaza,PSE,Land area (sq. km),AG.LND.TOTL.K2,6020
"Yemen, Rep.",YEM,Access to electricity (% of population),EG.ELC.ACCS.ZS,57.29527283
"Yemen, Rep.",YEM,Forest area (% of land area),AG.LND.FRST.ZS,1.039831809
"Yemen, Rep.",YEM,Gross domestic savings (% of GDP),NY.GDS.TOTL.ZS,..
"Yemen, Rep.",YEM,"Labor force, total",SL.TLF.TOTL.IN,4580441
"Yemen, Rep.",YEM,Land area (sq. km),AG.LND.TOTL.K2,527970
Zambia,ZMB,Access to electricity (% of population),EG.ELC.ACCS.ZS,22.56822205
Zambia,ZMB,Forest area (% of land area),AG.LND.FRST.ZS,67.66434846
Zambia,ZMB,Gross domestic savings (% of GDP),NY.GDS.TOTL.ZS,..
Zambia,ZMB,"Labor force, total",SL.TLF.TOTL.IN,4997107
Zambia,ZMB,Land area (sq. km),AG.LND.TOTL.K2,743390
Zimbabwe,ZWE,Access to electricity (% of population),EG.ELC.ACCS.ZS,35.54419708
Zimbabwe,ZWE,Forest area (% of land area),AG.LND.FRST.ZS,44.61419155
Zimbabwe,ZWE,Gross domestic savings (% of GDP),NY.GDS.TOTL.ZS,-7.42123596
Zimbabwe,ZWE,"Labor force, total",SL.TLF.TOTL.IN,5835195
Zimbabwe,ZWE,Land area (sq. km),AG.LND.TOTL.K2,386850
Arab World,ARB,Access to electricity (% of population),EG.ELC.ACCS.ZS,80.20927897
Arab World,ARB,Forest area (% of land area),AG.LND.FRST.ZS,1.687258255
Arab World,ARB,Gross domestic savings (% of GDP),NY.GDS.TOTL.ZS,41.231747
Arab World,ARB,"Labor force, total",SL.TLF.TOTL.IN,95820797
Arab World,ARB,Land area (sq. km),AG.LND.TOTL.K2,11235251
Caribbean small states,CSS,Access to electricity (% of population),EG.ELC.ACCS.ZS,90.47319937
Caribbean small states,CSS,Forest area (% of land area),AG.LND.FRST.ZS,85.49020636
Caribbean small states,CSS,Gross domestic savings (% of GDP),NY.GDS.TOTL.ZS,..
Caribbean small states,CSS,"Labor force, total",SL.TLF.TOTL.IN,2918711
Caribbean small states,CSS,Land area (sq. km),AG.LND.TOTL.K2,404850
Central Europe and the Baltics,CEB,Access to electricity (% of population),EG.ELC.ACCS.ZS,100
Central Europe and the Baltics,CEB,Forest area (% of land area),AG.LND.FRST.ZS,33.19175623
Central Europe and the Baltics,CEB,Gross domestic savings (% of GDP),NY.GDS.TOTL.ZS,21.17659846
Central Europe and the Baltics,CEB,"Labor force, total",SL.TLF.TOTL.IN,48861939
Central Europe and the Baltics,CEB,Land area (sq. km),AG.LND.TOTL.K2,1103286.001
Early-demographic dividend,EAR,Access to electricity (% of population),EG.ELC.ACCS.ZS,70.77280372
Early-demographic dividend,EAR,Forest area (% of land area),AG.LND.FRST.ZS,22.7163632
Early-demographic dividend,EAR,Gross domestic savings (% of GDP),NY.GDS.TOTL.ZS,28.9634099
Early-demographic dividend,EAR,"Labor force, total",SL.TLF.TOTL.IN,1053404953
Early-demographic dividend,EAR,Land area (sq. km),AG.LND.TOTL.K2,33108537
East Asia & Pacific,EAS,Access to electricity (% of population),EG.ELC.ACCS.ZS,93.81805211
East Asia & Pacific,EAS,Forest area (% of land area),AG.LND.FRST.ZS,26.09456653
East Asia & Pacific,EAS,Gross domestic savings (% of GDP),NY.GDS.TOTL.ZS,34.64195462
East Asia & Pacific,EAS,"Labor force, total",SL.TLF.TOTL.IN,1165229249
East Asia & Pacific,EAS,Land area (sq. km),AG.LND.TOTL.K2,24386588.88
East Asia & Pacific (excluding high income),EAP,Access to electricity (% of population),EG.ELC.ACCS.ZS,93.10415161
East Asia & Pacific (excluding high income),EAP,Forest area (% of land area),AG.LND.FRST.ZS,29.21496228
East Asia & Pacific (excluding high income),EAP,Gross domestic savings (% of GDP),NY.GDS.TOTL.ZS,42.22193637
East Asia & Pacific (excluding high income),EAP,"Labor force, total",SL.TLF.TOTL.IN,1044301507
East Asia & Pacific (excluding high income),EAP,Land area (sq. km),AG.LND.TOTL.K2,15913781.88
East Asia & Pacific (IDA & IBRD countries),TEA,Access to electricity (% of population),EG.ELC.ACCS.ZS,93.1042139
East Asia & Pacific (IDA & IBRD countries),TEA,Forest area (% of land area),AG.LND.FRST.ZS,29.03980293
East Asia & Pacific (IDA & IBRD countries),TEA,Gross domestic savings (% of GDP),NY.GDS.TOTL.ZS,42.22096387
East Asia & Pacific (IDA & IBRD countries),TEA,"Labor force, total",SL.TLF.TOTL.IN,1029619317
East Asia & Pacific (IDA & IBRD countries),TEA,Land area (sq. km),AG.LND.TOTL.K2,15793631.88
Euro area,EMU,Access to electricity (% of population),EG.ELC.ACCS.ZS,100
Euro area,EMU,Forest area (% of land area),AG.LND.FRST.ZS,37.03699296
Euro area,EMU,Gross domestic savings (% of GDP),NY.GDS.TOTL.ZS,23.80225338
Euro area,EMU,"Labor force, total",SL.TLF.TOTL.IN,156247520
Euro area,EMU,Land area (sq. km),AG.LND.TOTL.K2,2677512.993
Europe & Central Asia,ECS,Access to electricity (% of population),EG.ELC.ACCS.ZS,99.93330928
Europe & Central Asia,ECS,Forest area (% of land area),AG.LND.FRST.ZS,37.57778527
Europe & Central Asia,ECS,Gross domestic savings (% of GDP),NY.GDS.TOTL.ZS,23.94934431
Europe & Central Asia,ECS,"Labor force, total",SL.TLF.TOTL.IN,407717962
Europe & Central Asia,ECS,Land area (sq. km),AG.LND.TOTL.K2,27447357.98
Europe & Central Asia (excluding high income),ECA,Access to electricity (% of population),EG.ELC.ACCS.ZS,99.83487098
Europe & Central Asia (excluding high income),ECA,Forest area (% of land area),AG.LND.FRST.ZS,38.50771253
Europe & Central Asia (excluding high income),ECA,Gross domestic savings (% of GDP),NY.GDS.TOTL.ZS,27.88595003
Europe & Central Asia (excluding high income),ECA,"Labor force, total",SL.TLF.TOTL.IN,177679274
Europe & Central Asia (excluding high income),ECA,Land area (sq. km),AG.LND.TOTL.K2,22627977
Europe & Central Asia (IDA & IBRD countries),TEC,Access to electricity (% of population),EG.ELC.ACCS.ZS,99.85397054
Europe & Central Asia (IDA & IBRD countries),TEC,Forest area (% of land area),AG.LND.FRST.ZS,38.38377711
Europe & Central Asia (IDA & IBRD countries),TEC,Gross domestic savings (% of GDP),NY.GDS.TOTL.ZS,26.51721359
Europe & Central Asia (IDA & IBRD countries),TEC,"Labor force, total",SL.TLF.TOTL.IN,197144497
Europe & Central Asia (IDA & IBRD countries),TEC,Land area (sq. km),AG.LND.TOTL.K2,22990267
European Union,EUU,Access to electricity (% of population),EG.ELC.ACCS.ZS,100
European Union,EUU,Forest area (% of land area),AG.LND.FRST.ZS,36.96674267
European Union,EUU,Gross domestic savings (% of GDP),NY.GDS.TOTL.ZS,22.56758483
European Union,EUU,"Labor force, total",SL.TLF.TOTL.IN,236287237
European Union,EUU,Land area (sq. km),AG.LND.TOTL.K2,4239992.993
Fragile and conflict affected situations,FCS,Access to electricity (% of population),EG.ELC.ACCS.ZS,34.58628723
Fragile and conflict affected situations,FCS,Forest area (% of land area),AG.LND.FRST.ZS,28.61563764
Fragile and conflict affected situations,FCS,Gross domestic savings (% of GDP),NY.GDS.TOTL.ZS,26.61953742
Fragile and conflict affected situations,FCS,"Labor force, total",SL.TLF.TOTL.IN,137830483
Fragile and conflict affected situations,FCS,Land area (sq. km),AG.LND.TOTL.K2,12936968
Heavily indebted poor countries (HIPC),HPC,Access to electricity (% of population),EG.ELC.ACCS.ZS,22.19974888
Heavily indebted poor countries (HIPC),HPC,Forest area (% of land area),AG.LND.FRST.ZS,32.16145453
Heavily indebted poor countries (HIPC),HPC,Gross domestic savings (% of GDP),NY.GDS.TOTL.ZS,10.84948573
Heavily indebted poor countries (HIPC),HPC,"Labor force, total",SL.TLF.TOTL.IN,217155454
Heavily indebted poor countries (HIPC),HPC,Land area (sq. km),AG.LND.TOTL.K2,17377821
High income,HIC,Access to electricity (% of population),EG.ELC.ACCS.ZS,99.91685718
High income,HIC,Forest area (% of land area),AG.LND.FRST.ZS,28.70748414
High income,HIC,Gross domestic savings (% of GDP),NY.GDS.TOTL.ZS,23.18822553
High income,HIC,"Labor force, total",SL.TLF.TOTL.IN,550554357
High income,HIC,Land area (sq. km),AG.LND.TOTL.K2,35150906.41
IBRD only,IBD,Access to electricity (% of population),EG.ELC.ACCS.ZS,87.06442066
IBRD only,IBD,Forest area (% of land area),AG.LND.FRST.ZS,33.91522004
IBRD only,IBD,Gross domestic savings (% of GDP),NY.GDS.TOTL.ZS,33.01455258
IBRD only,IBD,"Labor force, total",SL.TLF.TOTL.IN,1979378351
IBRD only,IBD,Land area (sq. km),AG.LND.TOTL.K2,69386283.91
IDA & IBRD total,IBT,Access to electricity (% of population),EG.ELC.ACCS.ZS,76.31162904
IDA & IBRD total,IBT,Forest area (% of land area),AG.LND.FRST.ZS,32.27228718
IDA & IBRD total,IBT,Gross domestic savings (% of GDP),NY.GDS.TOTL.ZS,32.2001378
IDA & IBRD total,IBT,"Labor force, total",SL.TLF.TOTL.IN,2437749266
IDA & IBRD total,IBT,Land area (sq. km),AG.LND.TOTL.K2,93348208.91
IDA blend,IDB,Access to electricity (% of population),EG.ELC.ACCS.ZS,57.64193599
IDA blend,IDB,Forest area (% of land area),AG.LND.FRST.ZS,21.54610616
IDA blend,IDB,Gross domestic savings (% of GDP),NY.GDS.TOTL.ZS,25.13924863
IDA blend,IDB,"Labor force, total",SL.TLF.TOTL.IN,137727702
IDA blend,IDB,Land area (sq. km),AG.LND.TOTL.K2,5955820
IDA only,IDX,Access to electricity (% of population),EG.ELC.ACCS.ZS,31.35454736
IDA only,IDX,Forest area (% of land area),AG.LND.FRST.ZS,29.48744721
IDA only,IDX,Gross domestic savings (% of GDP),NY.GDS.TOTL.ZS,12.21456074
IDA only,IDX,"Labor force, total",SL.TLF.TOTL.IN,320643212
IDA only,IDX,Land area (sq. km),AG.LND.TOTL.K2,18006105
IDA total,IDA,Access to electricity (% of population),EG.ELC.ACCS.ZS,40.28529132
IDA total,IDA,Forest area (% of land area),AG.LND.FRST.ZS,27.51270199
IDA total,IDA,Gross domestic savings (% of GDP),NY.GDS.TOTL.ZS,18.61737321
IDA total,IDA,"Labor force, total",SL.TLF.TOTL.IN,458370915
IDA total,IDA,Land area (sq. km),AG.LND.TOTL.K2,23961925
Late-demographic dividend,LTE,Access to electricity (% of population),EG.ELC.ACCS.ZS,97.49831444
Late-demographic dividend,LTE,Forest area (% of land area),AG.LND.FRST.ZS,38.70940915
Late-demographic dividend,LTE,Gross domestic savings (% of GDP),NY.GDS.TOTL.ZS,36.15504425
Late-demographic dividend,LTE,"Labor force, total",SL.TLF.TOTL.IN,1161067673
Late-demographic dividend,LTE,Land area (sq. km),AG.LND.TOTL.K2,44522739.91
Latin America & Caribbean,LCN,Access to electricity (% of population),EG.ELC.ACCS.ZS,93.58022997
Latin America & Caribbean,LCN,Forest area (% of land area),AG.LND.FRST.ZS,47.69788302
Latin America & Caribbean,LCN,Gross domestic savings (% of GDP),NY.GDS.TOTL.ZS,22.51411
Latin America & Caribbean,LCN,"Labor force, total",SL.TLF.TOTL.IN,250595091
Latin America & Caribbean,LCN,Land area (sq. km),AG.LND.TOTL.K2,20041784.43
Latin America & Caribbean (excluding high income),LAC,Access to electricity (% of population),EG.ELC.ACCS.ZS,93.39696052
Latin America & Caribbean (excluding high income),LAC,Forest area (% of land area),AG.LND.FRST.ZS,49.01209481
Latin America & Caribbean (excluding high income),LAC,Gross domestic savings (% of GDP),NY.GDS.TOTL.ZS,22.06936075
Latin America & Caribbean (excluding high income),LAC,"Labor force, total",SL.TLF.TOTL.IN,238067545
Latin America & Caribbean (excluding high income),LAC,Land area (sq. km),AG.LND.TOTL.K2,19021350
Latin America & the Caribbean (IDA & IBRD countries),TLA,Access to electricity (% of population),EG.ELC.ACCS.ZS,93.45292566
Latin America & the Caribbean (IDA & IBRD countries),TLA,Forest area (% of land area),AG.LND.FRST.ZS,47.8152759
Latin America & the Caribbean (IDA & IBRD countries),TLA,Gross domestic savings (% of GDP),NY.GDS.TOTL.ZS,22.50952268
Latin America & the Caribbean (IDA & IBRD countries),TLA,"Labor force, total",SL.TLF.TOTL.IN,244002720
Latin America & the Caribbean (IDA & IBRD countries),TLA,Land area (sq. km),AG.LND.TOTL.K2,19913632.03
Least developed countries: UN classification,LDC,Access to electricity (% of population),EG.ELC.ACCS.ZS,26.29384823
Least developed countries: UN classification,LDC,Forest area (% of land area),AG.LND.FRST.ZS,30.58314423
Least developed countries: UN classification,LDC,Gross domestic savings (% of GDP),NY.GDS.TOTL.ZS,19.37485468
Least developed countries: UN classification,LDC,"Labor force, total",SL.TLF.TOTL.IN,298453734
Least developed countries: UN classification,LDC,Land area (sq. km),AG.LND.TOTL.K2,17762108
Low & middle income,LMY,Access to electricity (% of population),EG.ELC.ACCS.ZS,76.0842464
Low & middle income,LMY,Forest area (% of land area),AG.LND.FRST.ZS,32.39888554
Low & middle income,LMY,Gross domestic savings (% of GDP),NY.GDS.TOTL.ZS,32.53593353
Low & middle income,LMY,"Labor force, total",SL.TLF.TOTL.IN,2427765184
Low & middle income,LMY,Land area (sq. km),AG.LND.TOTL.K2,92219346.87
Low income,LIC,Access to electricity (% of population),EG.ELC.ACCS.ZS,21.1754412
Low income,LIC,Forest area (% of land area),AG.LND.FRST.ZS,26.61793457
Low income,LIC,Gross domestic savings (% of GDP),NY.GDS.TOTL.ZS,9.819272765
Low income,LIC,"Labor force, total",SL.TLF.TOTL.IN,207075884
Low income,LIC,Land area (sq. km),AG.LND.TOTL.K2,13651510
Lower middle income,LMC,Access to electricity (% of population),EG.ELC.ACCS.ZS,67.47692628
Lower middle income,LMC,Forest area (% of land area),AG.LND.FRST.ZS,30.00433028
Lower middle income,LMC,Gross domestic savings (% of GDP),NY.GDS.TOTL.ZS,26.7468536
Lower middle income,LMC,"Labor force, total",SL.TLF.TOTL.IN,973362213
Lower middle income,LMC,Land area (sq. km),AG.LND.TOTL.K2,20142098
Middle East & North Africa,MEA,Access to electricity (% of population),EG.ELC.ACCS.ZS,93.43494483
Middle East & North Africa,MEA,Forest area (% of land area),AG.LND.FRST.ZS,1.992157582
Middle East & North Africa,MEA,Gross domestic savings (% of GDP),NY.GDS.TOTL.ZS,40.95138021
Middle East & North Africa,MEA,"Labor force, total",SL.TLF.TOTL.IN,111126248
Middle East & North Africa,MEA,Land area (sq. km),AG.LND.TOTL.K2,11226070
Middle East & North Africa (excluding high income),MNA,Access to electricity (% of population),EG.ELC.ACCS.ZS,92.36806831
Middle East & North Africa (excluding high income),MNA,Forest area (% of land area),AG.LND.FRST.ZS,2.419297048
Middle East & North Africa (excluding high income),MNA,Gross domestic savings (% of GDP),NY.GDS.TOTL.ZS,37.07269062
Middle East & North Africa (excluding high income),MNA,"Labor force, total",SL.TLF.TOTL.IN,93880382
Middle East & North Africa (excluding high income),MNA,Land area (sq. km),AG.LND.TOTL.K2,8643730
Middle East & North Africa (IDA & IBRD countries),TMN,Access to electricity (% of population),EG.ELC.ACCS.ZS,92.27205567
Middle East & North Africa (IDA & IBRD countries),TMN,Forest area (% of land area),AG.LND.FRST.ZS,2.419921538
Middle East & North Africa (IDA & IBRD countries),TMN,Gross domestic savings (% of GDP),NY.GDS.TOTL.ZS,37.56058481
Middle East & North Africa (IDA & IBRD countries),TMN,"Labor force, total",SL.TLF.TOTL.IN,93146256
Middle East & North Africa (IDA & IBRD countries),TMN,Land area (sq. km),AG.LND.TOTL.K2,8637710
Middle income,MIC,Access to electricity (% of population),EG.ELC.ACCS.ZS,81.50511999
Middle income,MIC,Forest area (% of land area),AG.LND.FRST.ZS,33.40349061
Middle income,MIC,Gross domestic savings (% of GDP),NY.GDS.TOTL.ZS,32.85038985
Middle income,MIC,"Labor force, total",SL.TLF.TOTL.IN,2220689299
Middle income,MIC,Land area (sq. km),AG.LND.TOTL.K2,78567836.87
North America,NAC,Access to electricity (% of population),EG.ELC.ACCS.ZS,100
North America,NAC,Forest area (% of land area),AG.LND.FRST.ZS,35.73359107
North America,NAC,Gross domestic savings (% of GDP),NY.GDS.TOTL.ZS,18.61922282
North America,NAC,"Labor force, total",SL.TLF.TOTL.IN,169814515
North America,NAC,Land area (sq. km),AG.LND.TOTL.K2,18255484
Not classified,INX,Access to electricity (% of population),EG.ELC.ACCS.ZS,..
Not classified,INX,Forest area (% of land area),AG.LND.FRST.ZS,..
Not classified,INX,Gross domestic savings (% of GDP),NY.GDS.TOTL.ZS,..
Not classified,INX,"Labor force, total",SL.TLF.TOTL.IN,..
Not classified,INX,Land area (sq. km),AG.LND.TOTL.K2,..
OECD members,OED,Access to electricity (% of population),EG.ELC.ACCS.ZS,99.87097488
OECD members,OED,Forest area (% of land area),AG.LND.FRST.ZS,31.12507429
OECD members,OED,Gross domestic savings (% of GDP),NY.GDS.TOTL.ZS,22.20286691
OECD members,OED,"Labor force, total",SL.TLF.TOTL.IN,577585780
OECD members,OED,Land area (sq. km),AG.LND.TOTL.K2,34482007.01
Other small states,OSS,Access to electricity (% of population),EG.ELC.ACCS.ZS,62.05165773
Other small states,OSS,Forest area (% of land area),AG.LND.FRST.ZS,26.40195044
Other small states,OSS,Gross domestic savings (% of GDP),NY.GDS.TOTL.ZS,49.0930956
Other small states,OSS,"Labor force, total",SL.TLF.TOTL.IN,9136765
Other small states,OSS,Land area (sq. km),AG.LND.TOTL.K2,2030678
Pacific island small states,PSS,Access to electricity (% of population),EG.ELC.ACCS.ZS,61.77482709
Pacific island small states,PSS,Forest area (% of land area),AG.LND.FRST.ZS,62.12367618
Pacific island small states,PSS,Gross domestic savings (% of GDP),NY.GDS.TOTL.ZS,..
Pacific island small states,PSS,"Labor force, total",SL.TLF.TOTL.IN,687934
Pacific island small states,PSS,Land area (sq. km),AG.LND.TOTL.K2,64200
Post-demographic dividend,PST,Access to electricity (% of population),EG.ELC.ACCS.ZS,99.96127321
Post-demographic dividend,PST,Forest area (% of land area),AG.LND.FRST.ZS,31.45919844
Post-demographic dividend,PST,Gross domestic savings (% of GDP),NY.GDS.TOTL.ZS,22.33370692
Post-demographic dividend,PST,"Labor force, total",SL.TLF.TOTL.IN,521881416
Post-demographic dividend,PST,Land area (sq. km),AG.LND.TOTL.K2,31482505.98
Pre-demographic dividend,PRE,Access to electricity (% of population),EG.ELC.ACCS.ZS,26.55110243
Pre-demographic dividend,PRE,Forest area (% of land area),AG.LND.FRST.ZS,29.74733429
Pre-demographic dividend,PRE,Gross domestic savings (% of GDP),NY.GDS.TOTL.ZS,28.45202408
Pre-demographic dividend,PRE,"Labor force, total",SL.TLF.TOTL.IN,231203422
Pre-demographic dividend,PRE,Land area (sq. km),AG.LND.TOTL.K2,17791611
Small states,SST,Access to electricity (% of population),EG.ELC.ACCS.ZS,68.49740724
Small states,SST,Forest area (% of land area),AG.LND.FRST.ZS,36.88917753
Small states,SST,Gross domestic savings (% of GDP),NY.GDS.TOTL.ZS,45.57578559
Small states,SST,"Labor force, total",SL.TLF.TOTL.IN,12743409
Small states,SST,Land area (sq. km),AG.LND.TOTL.K2,2499728
South Asia,SAS,Access to electricity (% of population),EG.ELC.ACCS.ZS,64.39221217
South Asia,SAS,Forest area (% of land area),AG.LND.FRST.ZS,16.93919011
South Asia,SAS,Gross domestic savings (% of GDP),NY.GDS.TOTL.ZS,28.93666791
South Asia,SAS,"Labor force, total",SL.TLF.TOTL.IN,583405541
South Asia,SAS,Land area (sq. km),AG.LND.TOTL.K2,4771577
South Asia (IDA & IBRD),TSA,Access to electricity (% of population),EG.ELC.ACCS.ZS,64.39221217
South Asia (IDA & IBRD),TSA,Forest area (% of land area),AG.LND.FRST.ZS,16.93919011
South Asia (IDA & IBRD),TSA,Gross domestic savings (% of GDP),NY.GDS.TOTL.ZS,28.93666791
South Asia (IDA & IBRD),TSA,"Labor force, total",SL.TLF.TOTL.IN,583405541
South Asia (IDA & IBRD),TSA,Land area (sq. km),AG.LND.TOTL.K2,4771577
Sub-Saharan Africa,SSF,Access to electricity (% of population),EG.ELC.ACCS.ZS,29.86736663
Sub-Saharan Africa,SSF,Forest area (% of land area),AG.LND.FRST.ZS,29.0764602
Sub-Saharan Africa,SSF,Gross domestic savings (% of GDP),NY.GDS.TOTL.ZS,23.61196676
Sub-Saharan Africa,SSF,"Labor force, total",SL.TLF.TOTL.IN,290430934
Sub-Saharan Africa,SSF,Land area (sq. km),AG.LND.TOTL.K2,21241391
Sub-Saharan Africa (excluding high income),SSA,Access to electricity (% of population),EG.ELC.ACCS.ZS,29.86005347
Sub-Saharan Africa (excluding high income),SSA,Forest area (% of land area),AG.LND.FRST.ZS,29.07517519
Sub-Saharan Africa (excluding high income),SSA,Gross domestic savings (% of GDP),NY.GDS.TOTL.ZS,23.61196676
Sub-Saharan Africa (excluding high income),SSA,"Labor force, total",SL.TLF.TOTL.IN,290430934
Sub-Saharan Africa (excluding high income),SSA,Land area (sq. km),AG.LND.TOTL.K2,21240931
Sub-Saharan Africa (IDA & IBRD countries),TSS,Access to electricity (% of population),EG.ELC.ACCS.ZS,29.86736663
Sub-Saharan Africa (IDA & IBRD countries),TSS,Forest area (% of land area),AG.LND.FRST.ZS,29.0764602
Sub-Saharan Africa (IDA & IBRD countries),TSS,Gross domestic savings (% of GDP),NY.GDS.TOTL.ZS,23.61196676
Sub-Saharan Africa (IDA & IBRD countries),TSS,"Labor force, total",SL.TLF.TOTL.IN,290430934
Sub-Saharan Africa (IDA & IBRD countries),TSS,Land area (sq. km),AG.LND.TOTL.K2,21241391
Upper middle income,UMC,Access to electricity (% of population),EG.ELC.ACCS.ZS,96.94192645
Upper middle income,UMC,Forest area (% of land area),AG.LND.FRST.ZS,34.57555932
Upper middle income,UMC,Gross domestic savings (% of GDP),NY.GDS.TOTL.ZS,34.50365732
Upper middle income,UMC,"Labor force, total",SL.TLF.TOTL.IN,1247327086
Upper middle income,UMC,Land area (sq. km),AG.LND.TOTL.K2,58425738.88
World,WLD,Access to electricity (% of population),EG.ELC.ACCS.ZS,80.20709632
World,WLD,Forest area (% of land area),AG.LND.FRST.ZS,30.99623804
World,WLD,Gross domestic savings (% of GDP),NY.GDS.TOTL.ZS,25.93264344
World,WLD,"Labor force, total",SL.TLF.TOTL.IN,2978319541
World,WLD,Land area (sq. km),AG.LND.TOTL.K2,127370253.3